
# Set the SQL mode to strict 
# to avoid this issue ERROR 1406 (22001) at line 29: Data too long for column 'name' at row 9
SET @@global.sql_mode="NO_AUTO_CREATE_USER,NO_ENGINE_SUBSTITUTION";

/*!40101 SET @OLD_CHARACTER_SET_CLIENT=@@CHARACTER_SET_CLIENT */;
/*!40101 SET @OLD_CHARACTER_SET_RESULTS=@@CHARACTER_SET_RESULTS */;
/*!40101 SET @OLD_COLLATION_CONNECTION=@@COLLATION_CONNECTION */;
/*!40101 SET NAMES utf8 */;
/*!40014 SET @OLD_FOREIGN_KEY_CHECKS=@@FOREIGN_KEY_CHECKS, FOREIGN_KEY_CHECKS=0 */;
/*!40101 SET @OLD_SQL_MODE=@@SQL_MODE, SQL_MODE='NO_AUTO_VALUE_ON_ZERO' */;
/*!40111 SET @OLD_SQL_NOTES=@@SQL_NOTES, SQL_NOTES=0 */;


# Dump of table organization
# ------------------------------------------------------------

DROP TABLE IF EXISTS `organization`;

CREATE TABLE `organization` (
  `_id` int(11) NOT NULL,
  `url` text NOT NULL,
  `external_id` varchar(100) NOT NULL DEFAULT '',
  `name` varchar(50) NOT NULL DEFAULT '',
  `domain_names0` varchar(100) NOT NULL DEFAULT '',
  `domain_names1` varchar(100) NOT NULL DEFAULT '',
  `domain_names2` varchar(100) NOT NULL DEFAULT '',
  `domain_names3` varchar(100) NOT NULL DEFAULT '',
  `created_at` varchar(50) NOT NULL DEFAULT '',
  `details` varchar(100) NOT NULL DEFAULT '',
  `shared_tickets` varchar(5) NOT NULL,
  `tags0` varchar(50) NOT NULL DEFAULT '',
  `tags1` varchar(50) NOT NULL DEFAULT '',
  `tags2` varchar(50) NOT NULL DEFAULT '',
  `tags3` varchar(50) NOT NULL DEFAULT '',
  PRIMARY KEY (`_id`)
) ENGINE=InnoDB DEFAULT CHARSET=utf8;

LOCK TABLES `organization` WRITE;
/*!40000 ALTER TABLE `organization` DISABLE KEYS */;

INSERT INTO `organization` (`_id`, `url`, `external_id`, `name`, `domain_names0`, `domain_names1`, `domain_names2`, `domain_names3`, `created_at`, `details`, `shared_tickets`, `tags0`, `tags1`, `tags2`, `tags3`)
VALUES
	(101,'http://initech.zendesk.com/api/v2/organizations/101.json','9270ed79-35eb-4a38-a46f-35725197ea8d','Enthaze','kage.com','ecratic.com','endipin.com','zentix.com','2016-05-21T11:10:28 -10:00','MegaCorp','false','Fulton','West','Rodriguez','Farley'),
	(102,'http://initech.zendesk.com/api/v2/organizations/102.json','7cd6b8d4-2999-4ff2-8cfd-44d05b449226','Nutralab','trollery.com','datagen.com','bluegrain.com','dadabase.com','2016-04-07T08:21:44 -10:00','Non profit','false','Cherry','Collier','Fuentes','Trevino'),
	(103,'http://initech.zendesk.com/api/v2/organizations/103.json','e73240f3-8ecf-411d-ad0d-80ca8a84053d','Plasmos','comvex.com','automon.com','verbus.com','gogol.com','2016-05-28T04:40:37 -10:00','Non profit','false','Parrish','Lindsay','Armstrong','Vaughn'),
	(104,'http://initech.zendesk.com/api/v2/organizations/104.json','f6eb60ad-fe37-4a45-9689-b32031399f93','Xylar','anixang.com','exovent.com','photobin.com','marqet.com','2016-03-21T10:11:18 -11:00','MegaCörp','false','Hendricks','Mclaughlin','Stephens','Garner'),
	(105,'http://initech.zendesk.com/api/v2/organizations/105.json','52f12203-6112-4fb9-aadc-70a6c816d605','Koffee','farmage.com','extrawear.com','bulljuice.com','enaut.com','2016-06-06T02:50:27 -10:00','MegaCorp','false','Jordan','Roy','Mckinney','Frost'),
	(106,'http://initech.zendesk.com/api/v2/organizations/106.json','2355f080-b37c-44f3-977e-53c341fde146','Qualitern','gology.com','myopium.com','synkgen.com','bolax.com','2016-07-23T09:48:02 -10:00','Artisân','false','Nolan','Rivas','Morse','Conway'),
	(107,'http://initech.zendesk.com/api/v2/organizations/107.json','773cc8fd-12e6-4f0b-9709-a370d98ee2e0','Sulfax','comvey.com','quantalia.com','velity.com','enormo.com','2016-01-12T01:16:06 -11:00','MegaCörp','true','Travis','Clarke','Glenn','Santos'),
	(108,'http://initech.zendesk.com/api/v2/organizations/108.json','be72663b-338d-42f4-bd52-cf6584cad674','Zolarex','elemantra.com','zizzle.com','miraclis.com','overplex.com','2016-07-26T09:35:57 -10:00','Non profit','false','Rosales','Middleton','Garrett','Page'),
	(109,'http://initech.zendesk.com/api/v2/organizations/109.json','5f930931-37fd-41a2-9c68-1cd5b99e7a3e','Möreganic','pearlesex.com','netility.com','rodemco.com','cuizine.com','2016-06-03T10:50:56 -10:00','MegaCorp','false','Price','Meyer','Heath','Skinner'),
	(110,'http://initech.zendesk.com/api/v2/organizations/110.json','197f93c0-1729-4c82-9bb0-143e978f06ce','Kindaloo','translink.com','netropic.com','earthplex.com','zilencio.com','2016-03-15T03:08:47 -11:00','Non profit','true','Chen','Melton','Stafford','Landry'),
	(111,'http://initech.zendesk.com/api/v2/organizations/111.json','852e22ab-76dc-4d92-9a1d-02d3e04349cb','Speedbolt','quintity.com','radiantix.com','enomen.com','minga.com','2016-03-10T10:36:00 -11:00','Artisan','true','Sheppard','Nunez','Bartlett','Giles'),
	(112,'http://initech.zendesk.com/api/v2/organizations/112.json','32e979ff-47b4-43b9-8b74-eea1227905d9','Quilk','valreda.com','strozen.com','signity.com','quantasis.com','2016-01-10T03:21:25 -11:00','MegaCorp','false','Hall','Dorsey','Shepard','Carter'),
	(113,'http://initech.zendesk.com/api/v2/organizations/113.json','67d9dbdb-a9c6-4a30-a003-202de05d09e2','Noralex','artiq.com','mazuda.com','surelogic.com','fuelworks.com','2016-04-09T08:45:29 -10:00','MegaCörp','true','Maldonado','Hebert','Poole','Mcleod'),
	(114,'http://initech.zendesk.com/api/v2/organizations/114.json','49c97d6a-f1ec-422e-aabe-8a429e81e656','Isotronic','gynk.com','goko.com','zilidium.com','accruex.com','2016-05-24T04:27:35 -10:00','Artisân','true','Burton','Dunn','Morton','Maddox'),
	(115,'http://initech.zendesk.com/api/v2/organizations/115.json','71010066-113a-48b5-8498-184ae2c72f93','Netur','tubalum.com','imaginart.com','olucore.com','uniworld.com','2016-07-25T01:19:05 -10:00','Artisan','false','Wilkerson','Knight','Stephenson','Witt'),
	(116,'http://initech.zendesk.com/api/v2/organizations/116.json','dbc692fc-e1ae-47d8-a1d7-263d07710fe1','Zentry','datagene.com','exoteric.com','beadzza.com','digiprint.com','2016-01-13T09:34:07 -11:00','Artisan','false','Schneider','Hoover','Wilcox','Hewitt'),
	(117,'http://initech.zendesk.com/api/v2/organizations/117.json','bf9b5a96-9b10-45ff-b638-a374a521dead','Comtext','aquazure.com','keeg.com','eventex.com','zillar.com','2016-03-17T08:48:21 -11:00','Artisan','true','Burris','Ortiz','Langley','Wall'),
	(118,'http://initech.zendesk.com/api/v2/organizations/118.json','6970300e-f211-4c01-a538-70b4464a1d84','Limozen','otherway.com','rodeomad.com','suremax.com','fishland.com','2016-02-11T04:24:09 -11:00','MegaCorp','false','Leon','Ferguson','Olsen','Walsh'),
	(119,'http://initech.zendesk.com/api/v2/organizations/119.json','2386db7c-5056-49c9-8dc4-46775e464cb7','Multron','bleeko.com','pulze.com','xoggle.com','sultraxin.com','2016-02-29T03:45:12 -11:00','Non profit','false','Erickson','Mccoy','Wiggins','Brooks'),
	(120,'http://initech.zendesk.com/api/v2/organizations/120.json','82da5daf-d6ad-484d-a831-05cd3e2baea5','Andershun','valpreal.com','puria.com','bostonic.com','roughies.com','2016-01-15T04:11:08 -11:00','MegaCorp','false','Robinson','Santana','Whitehead','England'),
	(121,'http://initech.zendesk.com/api/v2/organizations/121.json','3fffbf20-9172-4d1d-923b-f247d9132e3a','Hotcâkes','recrisys.com','qiao.com','makingway.com','shopabout.com','2016-01-02T06:07:59 -11:00','MegaCorp','true','Howard','Moreno','Benton','Bonner'),
	(122,'http://initech.zendesk.com/api/v2/organizations/122.json','33c4e38d-bfa3-4b12-9bb6-6f547524cf33','Geekfarm','comstar.com','zytrex.com','austech.com','enervate.com','2016-04-10T11:12:35 -10:00','Non profit','true','Hensley','Garza','Roberts','Vega'),
	(123,'http://initech.zendesk.com/api/v2/organizations/123.json','12831719-9173-47c7-8834-fa5b26877393','Terrasys','isoplex.com','equicom.com','premiant.com','combogen.com','2016-04-23T04:40:09 -10:00','MegaCorp','true','Fisher','Forbes','Koch','Lester'),
	(124,'http://initech.zendesk.com/api/v2/organizations/124.json','15c21605-cbc6-440f-8da2-6e1601aed5fa','Bitrex','unisure.com','boink.com','quinex.com','poochies.com','2016-05-11T12:16:15 -10:00','Non profit','true','Lott','Hunter','Beasley','Glass'),
	(125,'http://initech.zendesk.com/api/v2/organizations/125.json','42a1a845-70cf-40ed-a762-acb27fd606cc','Strezzö','techtrix.com','teraprene.com','corpulse.com','flotonic.com','2016-02-21T06:11:51 -11:00','MegaCorp','false','Vance','Ray','Jacobs','Frank');

/*!40000 ALTER TABLE `organization` ENABLE KEYS */;
UNLOCK TABLES;


# Dump of table ticket
# ------------------------------------------------------------

DROP TABLE IF EXISTS `ticket`;

CREATE TABLE `ticket` (
  `_id` varchar(100) NOT NULL DEFAULT '',
  `url` text NOT NULL,
  `external_id` varchar(100) NOT NULL DEFAULT '',
  `created_at` varchar(50) NOT NULL DEFAULT '',
  `type` varchar(20) DEFAULT NULL,
  `subject` varchar(200) NOT NULL DEFAULT '',
  `description` text,
  `priority` varchar(20) NOT NULL DEFAULT '',
  `status` varchar(20) NOT NULL DEFAULT '',
  `submitter_id` int(11) NOT NULL,
  `assignee_id` int(11) DEFAULT NULL,
  `organization_id` int(11) DEFAULT NULL,
  `tags0` varchar(50) NOT NULL DEFAULT '',
  `tags1` varchar(50) NOT NULL DEFAULT '',
  `tags2` varchar(50) NOT NULL DEFAULT '',
  `tags3` varchar(50) NOT NULL DEFAULT '',
  `has_incidents` varchar(20) NOT NULL DEFAULT '',
  `due_at` varchar(50) DEFAULT NULL,
  `via` varchar(50) NOT NULL DEFAULT '',
  PRIMARY KEY (`_id`),
  KEY `fk_submitter_id` (`submitter_id`),
  KEY `fk_sassignee_id` (`assignee_id`),
  KEY `fk_ticket_organization_id` (`organization_id`),
  CONSTRAINT `fk_sassignee_id` FOREIGN KEY (`assignee_id`) REFERENCES `user` (`_id`),
  CONSTRAINT `fk_submitter_id` FOREIGN KEY (`submitter_id`) REFERENCES `user` (`_id`),
  CONSTRAINT `fk_ticket_organization_id` FOREIGN KEY (`organization_id`) REFERENCES `organization` (`_id`)
) ENGINE=InnoDB DEFAULT CHARSET=utf8;

LOCK TABLES `ticket` WRITE;
/*!40000 ALTER TABLE `ticket` DISABLE KEYS */;

INSERT INTO `ticket` (`_id`, `url`, `external_id`, `created_at`, `type`, `subject`, `description`, `priority`, `status`, `submitter_id`, `assignee_id`, `organization_id`, `tags0`, `tags1`, `tags2`, `tags3`, `has_incidents`, `due_at`, `via`)
VALUES
	('01731a8f-7c00-40ca-94a1-6b874abd1d17','http://initech.zendesk.com/api/v2/tickets/01731a8f-7c00-40ca-94a1-6b874abd1d17.json','05c8b210-1659-4248-9343-0b70bc680cae','2016-03-13T02:28:57 -11:00','incident','A Nuisance in Egypt','Nulla reprehenderit ipsum duis laborum ipsum excepteur occaecat veniam enim aliqua incididunt amet. Non cillum aliquip reprehenderit esse laboris labore consectetur sunt laborum consequat nisi dolor.','urgent','pending',52,36,124,'South Carolina','Indiana','New Mexico','Nebraska','false','2016-08-09T10:22:25 -10:00','web'),
	('018ed12d-86bb-4379-a679-1184264ac5a2','http://initech.zendesk.com/api/v2/tickets/018ed12d-86bb-4379-a679-1184264ac5a2.json','eaa893e6-aaa5-41ca-b64a-2345a4d9ff4d','2016-05-17T08:27:45 -10:00','problem','A Nuisance in Tokelau','Voluptate aliquip cupidatat nostrud esse amet. Velit ipsum quis elit voluptate ullamco laboris qui laborum.','high','solved',8,69,105,'American Samoa','Northern Mariana Islands','Puerto Rico','Idaho','true','2016-08-02T03:40:55 -10:00','chat'),
	('01e60325-abe4-44d8-a821-035e15637428','http://initech.zendesk.com/api/v2/tickets/01e60325-abe4-44d8-a821-035e15637428.json','62d598ce-4bdf-4527-ba1b-7ed0ce3b9760','2016-06-05T08:59:38 -10:00','task','A Catastrophe in Korea (South)','Eiusmod labore pariatur incididunt pariatur occaecat amet nulla ad duis nisi sit ex qui. Mollit ex veniam elit duis do in reprehenderit.','high','closed',22,15,108,'Oregon','Arizona','Delaware','New Hampshire','false',NULL,'voice'),
	('027e95b2-f8de-43a8-86b0-c688525b3612','http://initech.zendesk.com/api/v2/tickets/027e95b2-f8de-43a8-86b0-c688525b3612.json','c345a713-61ad-4858-a2c9-112accc4a477','2016-01-22T06:11:01 -11:00','task','A Problem in Finland','Amet eu cillum nisi magna enim. Minim eu veniam ad veniam labore ullamco ad reprehenderit qui excepteur dolore.','low','solved',58,14,107,'Delaware','New Hampshire','Utah','Hawaii','true','2016-08-14T10:25:07 -10:00','chat'),
	('0395f415-a863-424d-8f07-27c67340c599','http://initech.zendesk.com/api/v2/tickets/0395f415-a863-424d-8f07-27c67340c599.json','ca201764-c419-4140-8fc8-9a26ad0bf657','2016-01-24T03:20:04 -11:00','question','A Nuisance in Iceland','Ad duis cillum aliquip in duis qui ad. Esse culpa officia esse esse laborum sit aute adipisicing deserunt sit eiusmod.','urgent','open',27,17,120,'Iowa','North Dakota','California','Palau','false','2016-08-15T10:48:59 -10:00','chat'),
	('045b0fe9-8e17-4eec-af9c-cc00ce5b9ed1','http://initech.zendesk.com/api/v2/tickets/045b0fe9-8e17-4eec-af9c-cc00ce5b9ed1.json','816ab668-10cc-46cf-a23a-a048d86bbba4','2016-07-05T04:41:00 -10:00','task','A Drama in Mauritius','Aute deserunt laboris tempor officia minim sunt ad laborum. Amet occaecat aliquip ad cupidatat in enim irure dolor id culpa nostrud.','normal','closed',12,58,120,'Georgia','Tennessee','Mississippi','Marshall Islands','true','2016-08-15T01:47:16 -10:00','web'),
	('04ae0b9c-ded7-44c4-899c-d7348fc17b45','http://initech.zendesk.com/api/v2/tickets/04ae0b9c-ded7-44c4-899c-d7348fc17b45.json','bc809a7d-8511-4a4f-bb44-c9b984a8ab78','2016-02-11T12:47:58 -11:00','task','A Catastrophe in Cape Verde','Excepteur laboris commodo pariatur aute esse exercitation officia ea aliqua consectetur culpa eiusmod cupidatat. Dolor minim consequat laborum aliqua.','normal','pending',40,59,109,'District Of Columbia','Wisconsin','Illinois','Fédératéd Statés Of Micronésia','false','2016-08-10T12:49:29 -10:00','web'),
	('05291c66-f705-45a9-834d-4f594b236ff6','http://initech.zendesk.com/api/v2/tickets/05291c66-f705-45a9-834d-4f594b236ff6.json','ca469d71-643f-404a-bc0f-8aab53d900d5','2016-02-12T10:47:55 -11:00','task','A Drama in Saint Vincent and The Grenadines','Voluptate aliqua in do sint quis consectetur id voluptate. Elit sint eu ullamco eiusmod incididunt dolore elit elit.','normal','open',34,50,105,'Utah','Hawaii','Alaska','Maryland','true','2016-08-11T09:24:15 -10:00','web'),
	('0533df4e-488f-45dd-b4b8-e238be0690ed','http://initech.zendesk.com/api/v2/tickets/0533df4e-488f-45dd-b4b8-e238be0690ed.json','9c1c4cf6-8984-4b0f-9e29-86d8792e1aa3','2016-04-27T07:58:36 -10:00','task','A Drama in Bulgaria','Ullamco enim nulla sint laboris exercitation sit enim aliquip ad. Sit in proident amet ipsum cupidatat.','urgent','solved',17,47,112,'Connecticut','Arkansas','Missouri','Alabama','false','2016-08-21T09:05:53 -10:00','chat'),
	('0ca339ca-b056-4e1a-85ef-b1113c331660','http://initech.zendesk.com/api/v2/tickets/0ca339ca-b056-4e1a-85ef-b1113c331660.json','9a75c3f6-77c6-4974-b4da-4ebebb68dcf2','2016-02-19T02:50:01 -11:00','incident','A Drama in Chad','Culpa nisi reprehenderit consectetur in elit duis duis sint nisi. Ad est aliqua ea qui aute cillum et laboris proident laboris excepteur dolore.','normal','solved',67,22,119,'Guam','Colorado','Washington','Wyoming','true','2016-08-05T08:46:22 -10:00','web'),
	('0e74f193-cd11-4803-93e1-807eb0e37874','http://initech.zendesk.com/api/v2/tickets/0e74f193-cd11-4803-93e1-807eb0e37874.json','39d32d5d-e1c1-4229-9376-94dbaae6ad61','2016-02-26T03:42:42 -11:00','task','A Drama in Venezuela','Id laboris ipsum ad aliqua nostrud irure ex. Nisi tempor eiusmod voluptate sit.','high','hold',51,32,123,'South Dakota','Montana','District Of Columbia','Wisconsin','true','2016-08-19T11:22:02 -10:00','chat'),
	('0ebe753c-9c78-458a-817f-3993780bedbf','http://initech.zendesk.com/api/v2/tickets/0ebe753c-9c78-458a-817f-3993780bedbf.json','537ad752-9056-42c9-86db-f0bdf06d3c10','2016-05-19T12:19:56 -10:00','problem','A Nuisance in Seychelles','Consequat enim velit magna ad sit. Lorem mollit proident est id aliqua ea ea est aliquip magna.','high','pending',23,56,118,'Missouri','Alabama','Virginia','Virgin Islands','true','2016-08-18T03:33:30 -10:00','chat'),
	('0f0868ba-518c-4e1b-b286-41e0937c4e7c','http://initech.zendesk.com/api/v2/tickets/0f0868ba-518c-4e1b-b286-41e0937c4e7c.json','cf26802f-98c0-43f9-8650-e7db395cc724','2016-04-11T02:30:02 -10:00','task','A Problem in Reunion','Veniam eu Lorem anim culpa ea ad adipisicing culpa eiusmod qui occaecat et Lorem consectetur. Sint excepteur adipisicing exercitation qui deserunt cillum non cillum sunt adipisicing et ad minim culpa.','high','pending',41,45,123,'Guam','Colorado','Washington','Wyoming','true','2016-07-30T11:02:33 -10:00','chat'),
	('0f823d66-7e6e-4867-949f-1308a25ab2b0','http://initech.zendesk.com/api/v2/tickets/0f823d66-7e6e-4867-949f-1308a25ab2b0.json','726862ae-4d48-45e7-b133-e037e9a73708','2016-04-03T06:23:21 -10:00','incident','A Catastrophe in Iran','In laboris minim quis veniam tempor aliquip Lorem eu exercitation sunt sint id cupidatat. Excepteur magna elit anim velit laborum incididunt cupidatat laborum.','urgent','pending',34,19,105,'South Dakota','Montana','District Of Columbia','Wisconsin','true','2016-08-01T08:10:54 -10:00','web'),
	('10378588-afec-443e-a0a5-6c707eb1c2e4','http://initech.zendesk.com/api/v2/tickets/10378588-afec-443e-a0a5-6c707eb1c2e4.json','175f7804-3e3b-42d1-91d1-a3b0c3ffb692','2016-03-28T02:19:47 -11:00','problem','A Catastrophe in Tuvalu','Commodo non mollit velit esse dolor. Ea commodo veniam proident quis dolor amet amet pariatur non magna.','high','pending',43,61,124,'Minnesota','New Jersey','Texas','Nevada','true','2016-08-03T11:43:40 -10:00','web'),
	('1153a9d0-80b8-45f8-9753-e1c004caea7b','http://initech.zendesk.com/api/v2/tickets/1153a9d0-80b8-45f8-9753-e1c004caea7b.json','2f0d6496-bf29-4774-ab3f-868875c92a41','2016-03-03T09:32:40 -11:00','incident','A Drama in Canada','Sit exercitation deserunt nostrud tempor consequat nostrud. Adipisicing proident ad proident irure consectetur laboris fugiat.','high','pending',58,8,122,'Alaska','Maryland','Iowa','North Dakota','false','2016-08-09T11:07:11 -10:00','voice'),
	('13aafde0-81db-47fd-b1a2-94b0015803df','http://initech.zendesk.com/api/v2/tickets/13aafde0-81db-47fd-b1a2-94b0015803df.json','6161e938-50cc-4545-acff-a4f23649b7c3','2016-03-30T08:35:27 -11:00','task','A Problem in Malawi','Lorem ipsum eiusmod pariatur enim. Qui aliquip voluptate cupidatat eiusmod aute velit non aute ullamco.','urgent','solved',42,1,122,'New Mexico','Nebraska','Connecticut','Arkansas','false','2016-08-08T03:25:53 -10:00','voice'),
	('140e0cd4-c31b-4e90-833d-c42a12d4b713','http://initech.zendesk.com/api/v2/tickets/140e0cd4-c31b-4e90-833d-c42a12d4b713.json','dd0229db-7361-4d4e-bbe3-235024436c4b','2016-03-12T11:33:46 -11:00','incident','A Nuisance in Macedonia','Incididunt et laborum tempor nulla. Exercitation laborum est nulla aliquip fugiat nisi excepteur do labore Lorem in.','normal','pending',45,24,110,'Alaska','Maryland','Iowa','North Dakota','true','2016-08-10T07:48:01 -10:00','voice'),
	('17951590-6a78-49e8-8e45-1d4326ba49cc','http://initech.zendesk.com/api/v2/tickets/17951590-6a78-49e8-8e45-1d4326ba49cc.json','f77cae39-867c-4890-9696-b4d5c7748fa3','2016-06-28T03:29:34 -10:00','incident','A Nuisance in Kenya','Magna est nostrud commodo sint aliqua labore deserunt. Do est dolore enim duis non culpa fugiat laboris exercitation et.','normal','open',53,NULL,118,'District Of Columbia','Wisconsin','Illinois','Fédératéd Statés Of Micronésia','true','2016-08-16T09:10:29 -10:00','chat'),
	('189eed9f-b44c-49f3-a904-2c482193996a','http://initech.zendesk.com/api/v2/tickets/189eed9f-b44c-49f3-a904-2c482193996a.json','d8df91ac-382f-44ff-a3f2-196d06413864','2016-07-05T07:08:28 -10:00','task','A Catastrophe in Singapore','Non qui consequat aliquip voluptate proident. Tempor irure quis cupidatat veniam officia aliquip sint minim.','high','hold',20,57,122,'Puerto Rico','Idaho','Oklahoma','Louisiana','true','2016-08-15T11:12:26 -10:00','voice'),
	('196721ae-1691-4113-901d-4e39675a22c1','http://initech.zendesk.com/api/v2/tickets/196721ae-1691-4113-901d-4e39675a22c1.json','2c152d10-842a-46ba-b0df-6ae793f01505','2016-06-18T04:16:03 -10:00','problem','A Drama in Puerto Rico','Dolor in reprehenderit dolore qui reprehenderit aliqua eiusmod exercitation deserunt sunt eiusmod ut nulla. Consectetur fugiat ut eiusmod amet velit exercitation irure ut est laborum.','urgent','solved',18,72,123,'Michigan','Florida','Georgia','Tennessee','false','2016-07-30T06:12:42 -10:00','voice'),
	('1a227508-9f39-427c-8f57-1b72f3fab87c','http://initech.zendesk.com/api/v2/tickets/1a227508-9f39-427c-8f57-1b72f3fab87c.json','3e5ca820-cd1f-4a02-a18f-11b18e7bb49a','2016-04-14T08:32:31 -10:00','incident','A Catastrophe in Micronesia','Aliquip excepteur fugiat ex minim ea aute eu labore. Sunt eiusmod esse eu non commodo est veniam consequat.','low','hold',71,38,112,'Puerto Rico','Idaho','Oklahoma','Louisiana','false','2016-08-15T05:37:32 -10:00','chat'),
	('1bdad283-b751-407d-a6d5-8067016b8010','http://initech.zendesk.com/api/v2/tickets/1bdad283-b751-407d-a6d5-8067016b8010.json','b864107c-2396-419f-b50f-33f824c57bba','2016-03-10T03:09:54 -11:00','problem','A Drama in Cocos (Keeling Islands)','Dolore aliqua labore reprehenderit sunt mollit velit reprehenderit reprehenderit. Enim ipsum aliquip enim dolore aliqua culpa cillum aliquip sit.','urgent','closed',70,35,111,'Virginia','Virgin Islands','Maine','West Virginia','true','2016-08-15T11:58:06 -10:00','web'),
	('1c17f9a3-9ff2-4974-ae34-01959dbf64c6','http://initech.zendesk.com/api/v2/tickets/1c17f9a3-9ff2-4974-ae34-01959dbf64c6.json','9bf66b8e-a2fc-414c-a948-90bb53680ac3','2016-03-06T06:31:39 -11:00','incident','A Catastrophe in Jamaica','Minim velit labore non irure labore ullamco sit ex fugiat adipisicing. Do deserunt deserunt aliqua voluptate do anim non magna sint proident tempor anim est.','urgent','hold',54,9,111,'Utah','Hawaii','Alaska','Maryland','false','2016-08-18T06:46:57 -10:00','web'),
	('1fafaa2a-a1e9-4158-aeb4-f17e64615300','http://initech.zendesk.com/api/v2/tickets/1fafaa2a-a1e9-4158-aeb4-f17e64615300.json','f6f639a4-a8af-4910-804f-5c3a80252653','2016-01-15T11:52:49 -11:00','problem','A Problem in Russian Federation','Elit exercitation veniam commodo nulla laboris. Dolore occaecat cillum nisi amet in.','low','solved',44,1,115,'Georgia','Tennessee','Mississippi','Marshall Islands','true','2016-08-07T04:10:34 -10:00','voice'),
	('1fcfe2d4-ba1d-45a9-8cbb-3af610f3a673','http://initech.zendesk.com/api/v2/tickets/1fcfe2d4-ba1d-45a9-8cbb-3af610f3a673.json','f35621fc-3e87-4b4d-8449-1f15b7945105','2016-07-05T05:19:42 -10:00','problem','A Nuisance in Estonia','Occaecat magna ea excepteur nulla cupidatat nostrud elit magna cillum sint esse laboris. Aliquip commodo excepteur tempor excepteur nisi sit consequat enim deserunt sit qui adipisicing cupidatat pariatur.','high','closed',42,15,113,'Oregon','Arizona','Delaware','New Hampshire','false','2016-08-09T05:54:01 -10:00','chat'),
	('20615fe1-765b-4ff5-b4f6-ea42dcc8cac3','http://initech.zendesk.com/api/v2/tickets/20615fe1-765b-4ff5-b4f6-ea42dcc8cac3.json','6eb322af-abdb-4f71-a0a2-f7f6fbe72815','2016-03-25T05:33:29 -11:00','task','A Problem in Gambia','Ipsum reprehenderit sunt ea culpa cillum do ad. Non mollit quis duis dolor reprehenderit in veniam deserunt elit officia excepteur anim.','high','pending',22,43,102,'Washington','Wyoming','Ohio','Pennsylvania','false','2016-08-22T04:49:19 -10:00','web'),
	('2217c7dc-7371-4401-8738-0a8a8aedc08d','http://initech.zendesk.com/api/v2/tickets/2217c7dc-7371-4401-8738-0a8a8aedc08d.json','3db2c1e6-559d-4015-b7a4-6248464a6bf0','2016-07-16T12:05:12 -10:00','problem','A Catastrophe in Hungary','Ipsum fugiat voluptate reprehenderit cupidatat aliqua dolore consequat. Consequat ullamco minim laboris veniam ea id laborum et eiusmod excepteur sint laborum dolore qui.','normal','closed',9,65,105,'Massachusetts','New York','Minnesota','New Jersey','true','2016-08-06T04:16:06 -10:00','web'),
	('25c518a8-4bd9-435a-9442-db4202ec1da4','http://initech.zendesk.com/api/v2/tickets/25c518a8-4bd9-435a-9442-db4202ec1da4.json','ff8be0f9-8b86-406e-a110-9ba1ca839850','2016-01-11T08:56:20 -11:00','problem','A Drama in Iraq','Magna consequat cillum pariatur fugiat aliquip incididunt est velit ex ipsum. Sunt ullamco ea pariatur proident consectetur id anim.','high','pending',60,72,103,'Utah','Hawaii','Alaska','Maryland','false','2016-08-21T10:41:42 -10:00','chat'),
	('25cb699f-a5dd-45d8-9bc1-9c4b7d096946','http://initech.zendesk.com/api/v2/tickets/25cb699f-a5dd-45d8-9bc1-9c4b7d096946.json','e85c7f58-59ed-4e05-9734-eb2a3aa92fa8','2016-04-03T04:05:26 -10:00','problem','A Problem in Syria','Consequat Lorem esse non et labore. Eiusmod veniam amet est anim minim laborum anim qui ipsum magna velit pariatur tempor.','high','solved',59,48,102,'American Samoa','Northern Mariana Islands','Puerto Rico','Idaho','true','2016-08-10T07:23:05 -10:00','chat'),
	('25d9edca-7756-4d28-8fdd-f16f1532f6ab','http://initech.zendesk.com/api/v2/tickets/25d9edca-7756-4d28-8fdd-f16f1532f6ab.json','c6782106-7623-4952-b4b1-8663f7b5e9dc','2016-03-01T05:58:09 -11:00','task','A Problem in Cyprus','Laborum ad proident consectetur amet officia pariatur magna. Elit sint dolore id nostrud enim id quis commodo ex et eu ex.','urgent','open',62,75,125,'Puerto Rico','Idaho','Oklahoma','Louisiana','true','2016-08-17T07:54:27 -10:00','web'),
	('2614576f-98fb-4031-9e13-beca7a6a73ee','http://initech.zendesk.com/api/v2/tickets/2614576f-98fb-4031-9e13-beca7a6a73ee.json','3525e0c3-febc-48b8-9959-dece0da82bc3','2016-07-17T10:18:00 -10:00','question','A Nuisance in Aruba','Consequat mollit pariatur laboris elit elit anim fugiat in minim laborum. Eu Lorem incididunt excepteur ad adipisicing do irure nulla irure.','low','open',33,53,109,'Mississippi','Marshall Islands','South Dakota','Montana','true','2016-08-14T04:08:52 -10:00','web'),
	('27912e49-d6bc-448b-a710-50c31af3a9ea','http://initech.zendesk.com/api/v2/tickets/27912e49-d6bc-448b-a710-50c31af3a9ea.json','32b85f97-02c4-4677-9b10-34d15fbe5d8c','2016-06-29T02:16:13 -10:00','question','A Drama in Argentina','Lorem pariatur aliquip ad est ex enim dolor amet minim. Adipisicing aute ullamco adipisicing eu.','urgent','open',41,34,104,'Oklahoma','Louisiana','Massachusetts','New York','true','2016-08-18T10:18:16 -10:00','chat'),
	('27ab7105-e852-42f3-91a3-2d77c7a0c3fc','http://initech.zendesk.com/api/v2/tickets/27ab7105-e852-42f3-91a3-2d77c7a0c3fc.json','74e795dd-fb0d-48aa-9c83-f90016ca8243','2016-02-27T03:26:47 -11:00','task','A Drama in Australia','Incididunt laboris fuğiat do nostrud ut irure non elit nisi sint aute ut. In mağna aliquip sint adipisicinğ.','low','solved',71,7,111,'Puerto Rico','Idaho','Oklahoma','Louisiana','true','2016-08-04T10:15:42 -10:00','voice'),
	('27c447d9-cfda-4415-9a72-d5aa12942cf1','http://initech.zendesk.com/api/v2/tickets/27c447d9-cfda-4415-9a72-d5aa12942cf1.json','d3516c61-d232-4f64-a0f4-a496d550cd04','2016-01-31T07:43:00 -11:00','incident','A Problem in Guyana','Ex sit ea sit exercitation tempor pariatur et do deserunt irure eiusmod. Exercitation anim consectetur amet anim id.','normal','closed',67,74,101,'Mississippi','Marshall Islands','South Dakota','Montana','false','2016-08-18T10:49:09 -10:00','web'),
	('2e60886f-789f-4a00-8b43-e913facb6d78','http://initech.zendesk.com/api/v2/tickets/2e60886f-789f-4a00-8b43-e913facb6d78.json','635773bf-2124-4f70-b29c-4745c4803c4e','2016-06-23T02:45:10 -10:00','task','A Catastrophe in Djibouti','Exercitation velit cillum ea ea cupidatat ea adipisicing consectetur amet sint voluptate eiusmod. Esse officia pariatur laborum voluptate quis ex.','normal','closed',21,56,116,'Guam','Colorado','Washington','Wyoming','true',NULL,'voice'),
	('30094238-46cd-4921-b1c1-4757906cd028','http://initech.zendesk.com/api/v2/tickets/30094238-46cd-4921-b1c1-4757906cd028.json','c6039df7-28e1-48db-88b3-4e0575ef4de0','2016-03-24T10:39:29 -11:00','question','A Catastrophe in Bahamas','Mollit dolor laborum elit aliquip ipsum est reprehenderit. Voluptate id laborum Lorem excepteur do velit cupidatat culpa est magna exercitation aliquip.','high','open',34,41,120,'Guam','Colorado','Washington','Wyoming','true','2016-08-10T10:10:33 -10:00','voice'),
	('31e7f6d7-f6cb-4781-b4e7-2f552941e1f5','http://initech.zendesk.com/api/v2/tickets/31e7f6d7-f6cb-4781-b4e7-2f552941e1f5.json','4fb62429-5a6d-46db-8eec-f0fa0d2b0202','2016-04-25T02:22:03 -10:00','incident','A Nuisance in Poland','Est eiusmod amet culpa labore do in duis magna pariatur et quis tempor veniam. Consequat voluptate duis ad incididunt adipisicing mollit consequat ex ex adipisicing excepteur eu quis laboris.','urgent','open',45,63,125,'Connecticut','Arkansas','Missouri','Alabama','false','2016-08-21T05:15:11 -10:00','voice'),
	('31ec2df9-edaf-496e-b05a-ca6a75ddcc67','http://initech.zendesk.com/api/v2/tickets/31ec2df9-edaf-496e-b05a-ca6a75ddcc67.json','563f4935-6b7c-4712-8e3d-d215fc4d827a','2016-01-31T08:42:51 -11:00','question','A Drama in Georgia','Quis ullamco anim enim sit deserunt occaecat nostrud mollit consectetur nulla. Reprehenderit et irure occaecat anim aliqua esse consectetur labore ut consectetur tempor velit.','low','hold',5,31,124,'New Mexico','Nebraska','Connecticut','Arkansas','true','2016-08-18T11:55:52 -10:00','web'),
	('3496c5af-f472-4484-b0a9-65f1353ee948','http://initech.zendesk.com/api/v2/tickets/3496c5af-f472-4484-b0a9-65f1353ee948.json','21aa8b47-d9fd-4cbe-b08c-49aedc225991','2016-05-09T12:14:10 -10:00','problem','A Nuisance in Luxembourg','Officia proident cupidatat anim non commodo. Sunt sint fugiat et minim ex mollit dolore sit ipsum amet commodo.','high','open',51,41,109,'District Of Columbia','Wisconsin','Illinois','Fédératéd Statés Of Micronésia','false','2016-08-21T06:38:57 -10:00','web'),
	('34cf9dc4-c0a2-4925-b579-1a9c65efa488','http://initech.zendesk.com/api/v2/tickets/34cf9dc4-c0a2-4925-b579-1a9c65efa488.json','12ccfd3b-0aaf-4c19-bacb-6d999c4fc5b0','2016-03-17T08:04:05 -11:00','question','A Catastrophe in Ecuador','Est ea voluptate ex ullamco est laboris exercitation dolor deserunt est esse aute Lorem et. Exercitation ut officia sint esse exercitation Lorem.','urgent','closed',56,40,113,'Massachusetts','New York','Minnesota','New Jersey','false','2016-08-23T02:39:42 -10:00','voice'),
	('35072cd7-e343-4d8e-a967-bbe32eb019cb','http://initech.zendesk.com/api/v2/tickets/35072cd7-e343-4d8e-a967-bbe32eb019cb.json','61749684-ca19-4589-8872-28b08317e395','2016-04-07T05:09:10 -10:00','task','A Catastrophe in Macau','Eu adipisicing cillum et laborum exercitation fugiat mollit sunt eu non nulla tempor. Eu amet occaecat tempor incididunt adipisicing quis magna occaecat ut.','low','pending',53,12,116,'California','Palau','Kentucky','North Carolina','true','2016-08-07T04:44:19 -10:00','chat'),
	('3584e2c9-ccd4-4acb-9419-9245891cf398','http://initech.zendesk.com/api/v2/tickets/3584e2c9-ccd4-4acb-9419-9245891cf398.json','f68df05d-8497-41ae-8b0e-237b759f0577','2016-04-18T11:55:49 -10:00','question','A Catastrophe in Azerbaijan','Occaecat occaecat sint labore velit dolor. Nisi aute est proident fugiat id.','high','closed',10,47,103,'New Mexico','Nebraska','Connecticut','Arkansas','false','2016-07-31T03:12:39 -10:00','chat'),
	('35d6bb75-10fd-4ce8-8688-dde2882b623f','http://initech.zendesk.com/api/v2/tickets/35d6bb75-10fd-4ce8-8688-dde2882b623f.json','f2d820b9-a741-4c38-a5e4-f7221a351c74','2016-02-02T12:58:47 -11:00','question','A Problem in St. Helena','Reprehenderit esse labore pariatur voluptate non. Dolore eu et consequat nulla aute aliquip magna ea minim Lorem quis exercitation.','low','hold',29,65,107,'Rhode Island','Kansas','Guam','Colorado','false','2016-08-20T12:45:48 -10:00','chat'),
	('365c7ac9-b1d5-4bc9-91de-758f3d4b380a','http://initech.zendesk.com/api/v2/tickets/365c7ac9-b1d5-4bc9-91de-758f3d4b380a.json','9686f505-6bf0-4972-9ba3-9b5c2fe8f725','2016-03-02T09:01:19 -11:00','question','A Problem in Dominican Republic','Et magna excepteur nostrud ad anim dolore. Commodo consectetur veniam reprehenderit laboris consequat eiusmod dolore.','low','solved',63,6,121,'Illinois','Fédératéd Statés Of Micronésia','Rhode Island','Kansas','false','2016-08-17T04:21:31 -10:00','chat'),
	('3b704035-0ccc-48b4-98ac-1b4911e9bfcc','http://initech.zendesk.com/api/v2/tickets/3b704035-0ccc-48b4-98ac-1b4911e9bfcc.json','f9d39780-23c2-4a24-9cb2-19a834826039','2016-04-18T01:13:23 -10:00','problem','A Nuisance in Fiji','Mollit est occaecat deserunt incididunt cillum. Aute culpa excepteur mollit irure irure officia Lorem duis nisi exercitation exercitation culpa ex eiusmod.','high','hold',51,64,106,'Virginia','Virgin Islands','Maine','West Virginia','false','2016-07-30T09:19:15 -10:00','voice'),
	('3d0d0ce2-6d1b-4f8d-a743-3863aeb29aab','http://initech.zendesk.com/api/v2/tickets/3d0d0ce2-6d1b-4f8d-a743-3863aeb29aab.json','a6793810-40a3-486c-a002-bd43b384c759','2016-06-07T12:05:31 -10:00','task','A Problem in Pitcairn','Reprehenderit eiusmod dolore deserunt deserunt nostrud labore amet exercitation laborum. Consequat enim nostrud in id voluptate esse nostrud deserunt quis culpa cillum nulla ullamco nulla.','urgent','pending',41,64,118,'Guam','Colorado','Washington','Wyoming','false','2016-08-07T05:39:40 -10:00','chat'),
	('3d3fc420-7b04-47a7-ab94-870702a0ac14','http://initech.zendesk.com/api/v2/tickets/3d3fc420-7b04-47a7-ab94-870702a0ac14.json','a91e633a-c7df-425d-8466-100c0d3fd200','2016-05-09T03:48:10 -10:00','task','A Catastrophe in Swaziland','Laborum nulla reprehenderit laborum tempor. Fugiat ad ullamco esse enim sit et eiusmod consectetur non voluptate mollit exercitation voluptate.','high','hold',44,43,108,'South Carolina','Indiana','New Mexico','Nebraska','false','2016-08-22T08:00:54 -10:00','voice'),
	('3d4d1a3d-b426-4e0e-a50f-3c709d32a29f','http://initech.zendesk.com/api/v2/tickets/3d4d1a3d-b426-4e0e-a50f-3c709d32a29f.json','27d3cbd7-b0ee-4fa5-bea8-0ac4df69b3de','2016-01-28T04:24:27 -11:00','question','A Nuisance in Niue','Labore aute est magna ea veniam in in est occaecat eu deserunt incididunt. Ullamco dolore pariatur magna nulla duis id reprehenderit fugiat qui magna magna excepteur anim incididunt.','urgent','closed',18,56,107,'Virginia','Virgin Islands','Maine','West Virginia','true','2016-08-07T06:57:03 -10:00','web'),
	('3d5ec1b4-509c-45de-8338-4934531d48f3','http://initech.zendesk.com/api/v2/tickets/3d5ec1b4-509c-45de-8338-4934531d48f3.json','3c431a22-0a27-447d-bfca-7c6abf50d12e','2016-06-02T06:02:55 -10:00','task','A Catastrophe in Bouvet Island','In eiusmod ea cupidatat aute. Eiusmod enim nisi dolor esse consectetur.','low','hold',8,32,123,'California','Palau','Kentucky','North Carolina','false','2016-08-09T10:11:11 -10:00','voice'),
	('3de7b115-9525-4e97-bcc3-a8d124b0fb78','http://initech.zendesk.com/api/v2/tickets/3de7b115-9525-4e97-bcc3-a8d124b0fb78.json','9fbebfeb-b109-47e9-9053-2bfc256a79ca','2016-06-07T05:42:09 -10:00','problem','A Problem in Dominica','Id magna excepteur deserunt velit duis consectetur. Officia anim consequat veniam excepteur non nostrud nostrud voluptate Lorem adipisicing adipisicing ad in voluptate.','urgent','pending',27,74,104,'Mississippi','Marshall Islands','South Dakota','Montana','true','2016-08-12T08:50:35 -10:00','web'),
	('3ff0599a-fe0f-4f8f-ac31-e2636843bcea','http://initech.zendesk.com/api/v2/tickets/3ff0599a-fe0f-4f8f-ac31-e2636843bcea.json','dfc05543-cdf7-4165-8aab-f3a74b29b544','2016-05-15T12:59:16 -10:00','question','A Problem in Antigua and Barbuda','Velit excepteur in reprehenderit pariatur deserunt enim. Irure incididunt duis sint in tempor in do ad magna ex consectetur enim est.','low','closed',70,NULL,102,'American Samoa','Northern Mariana Islands','Puerto Rico','Idaho','false','2016-08-14T08:09:39 -10:00','voice'),
	('41fdfa9b-26c8-4d71-80ff-ad2220d0ad80','http://initech.zendesk.com/api/v2/tickets/41fdfa9b-26c8-4d71-80ff-ad2220d0ad80.json','f9c4aea8-e7a2-40aa-904f-0fc1025fd776','2016-03-09T10:57:14 -11:00','incident','A Nuisance in Yemen','Commodo adipisicing ullamco aliqua eiusmod commodo sit commodo. Mollit incididunt est duis reprehenderit fugiat non.','high','open',31,48,105,'Michigan','Florida','Georgia','Tennessee','true','2016-08-02T06:59:47 -10:00','chat'),
	('4271c15f-ade8-45b0-a31d-63cfee61adbf','http://initech.zendesk.com/api/v2/tickets/4271c15f-ade8-45b0-a31d-63cfee61adbf.json','9e76dd9b-6cf1-4558-94d4-9a13eff8b367','2016-01-05T08:25:02 -11:00','problem','A Drama in Somalia','Eiusmod voluptate nisi reprehenderit et laboris consectetur est elit est veniam duis irure et pariatur. Amet consequat exercitation ea consequat eiusmod sunt elit non minim esse commodo voluptate velit.','high','pending',50,40,116,'Rhode Island','Kansas','Guam','Colorado','true','2016-08-19T01:00:41 -10:00','web'),
	('436bf9b0-1147-4c0a-8439-6f79833bff5b','http://initech.zendesk.com/api/v2/tickets/436bf9b0-1147-4c0a-8439-6f79833bff5b.json','9210cdc9-4bee-485f-a078-35396cd74063','2016-04-28T11:19:34 -10:00','incident','A Catastrophe in Korea (North)','Nostrud ad sit velit cupidatat laboris ipsum nisi amet laboris ex exercitation amet et proident. Ipsum fugiat aute dolore tempor nostrud velit ipsum.','high','pending',38,24,116,'Ohio','Pennsylvania','American Samoa','Northern Mariana Islands','false','2016-07-31T02:37:50 -10:00','web'),
	('49a3526c-2bc4-45b0-a6dd-6a55e5a4bd9f','http://initech.zendesk.com/api/v2/tickets/49a3526c-2bc4-45b0-a6dd-6a55e5a4bd9f.json','c61470ac-3e29-4f3a-b886-1e13300e4bc1','2016-02-20T02:55:51 -11:00',NULL,'A Drama in India','Duis irure excepteur dolor eu reprehenderit incididunt consectetur tempor esse ut fugiat ex ea et. Excepteur minim enim deserunt nisi commodo cillum mollit ad quis esse nulla dolor deserunt.','low','solved',17,41,115,'California','Palau','Kentucky','North Carolina','true','2016-08-02T05:48:02 -10:00','chat'),
	('4af3bbbd-661f-4348-be25-47c6f7d36009','http://initech.zendesk.com/api/v2/tickets/4af3bbbd-661f-4348-be25-47c6f7d36009.json','cb7305dd-3cc6-4ef2-be5d-39fff4ec5eb2','2016-01-31T05:08:27 -11:00','question','A Catastrophe in Yugoslavia','Occaecat aute laborum dolor excepteur qui aliquip ad. Reprehenderit elit ullamco eu magna proident magna enim enim irure nostrud qui.','high','hold',41,46,103,'Ohio','Pennsylvania','American Samoa','Northern Mariana Islands','false','2016-08-02T06:57:16 -10:00','chat'),
	('4b88dee7-0c17-4fe2-8cb6-914b7ce93dc3','http://initech.zendesk.com/api/v2/tickets/4b88dee7-0c17-4fe2-8cb6-914b7ce93dc3.json','3d4cb56c-6502-4040-a320-8ae7bb380196','2016-05-06T04:13:09 -10:00','question','A Drama in East Timor','Nostrud aliqua enim in ad sint proident Lorem quis irure. Irure sit consequat incididunt consequat proident fugiat consectetur.','normal','open',37,22,NULL,'Oklahoma','Louisiana','Massachusetts','New York','true','2016-08-21T08:16:08 -10:00','chat'),
	('4c5a405d-0805-4d8b-ac48-2a3d7f3816e4','http://initech.zendesk.com/api/v2/tickets/4c5a405d-0805-4d8b-ac48-2a3d7f3816e4.json','3e690d6e-b322-4d56-b72a-a18cda46f717','2016-03-08T04:22:35 -11:00','incident','A Drama in Haiti','Enim commodo officia laborum veniam anim nisi occaecat. Lorem voluptate cupidatat do eu irure reprehenderit culpa.','high','hold',74,16,118,'Massachusetts','New York','Minnesota','New Jersey','false','2016-08-06T09:42:11 -10:00','voice'),
	('4cce7415-ef12-42b6-b7b5-fb00e24f9cc1','http://initech.zendesk.com/api/v2/tickets/4cce7415-ef12-42b6-b7b5-fb00e24f9cc1.json','ef665694-aa3f-4960-b264-0e77c50486cf','2016-02-25T09:12:47 -11:00','question','A Nuisance in Ghana',NULL,'high','solved',9,48,104,'Delaware','New Hampshire','Utah','Hawaii','false','2016-08-05T10:31:03 -10:00','web'),
	('4cd61a2d-22bf-467c-9db0-a082b1125394','http://initech.zendesk.com/api/v2/tickets/4cd61a2d-22bf-467c-9db0-a082b1125394.json','d3e70e24-9765-42dc-a172-bda1945ae8a8','2016-07-05T09:21:49 -10:00','problem','A Drama in Nigeria','Lorem enim adipisicing minim dolore sunt laboris officia cupidatat adipisicing non elit minim. Eu ut nostrud excepteur voluptate reprehenderit aute ad sint cillum mollit fugiat.','low','open',74,46,119,'Missouri','Alabama','Virginia','Virgin Islands','false','2016-08-01T05:32:02 -10:00','web'),
	('4d22436c-6c26-431b-9083-35ec8e86c57d','http://initech.zendesk.com/api/v2/tickets/4d22436c-6c26-431b-9083-35ec8e86c57d.json','9c5fabc0-0406-4356-9bb8-3bd302687572','2016-04-11T04:56:30 -10:00','incident','A Nuisance in Tanzania','Esse fugiat dolore ea amet nisi dolor reprehenderit aute nostrud. Elit amet consectetur sunt sint nulla veniam dolor reprehenderit esse dolor dolore enim ipsum.','normal','pending',69,15,112,'Alaska','Maryland','Iowa','North Dakota','false','2016-08-02T02:21:53 -10:00','chat'),
	('4e85e18c-797a-4d28-8e92-750447d3b4f5','http://initech.zendesk.com/api/v2/tickets/4e85e18c-797a-4d28-8e92-750447d3b4f5.json','4ef45a7a-81ce-422f-bc38-59a79baa5591','2016-02-04T07:50:34 -11:00','task','A Nuisance in Nicaragua','Quis sit magna ut nulla consequat aliqua. Aliquip nostrud irure nostrud velit nulla commodo.','urgent','open',72,64,105,'American Samoa','Northern Mariana Islands','Puerto Rico','Idaho','false','2016-08-06T01:43:54 -10:00','web'),
	('4eea5790-b490-4dee-877f-808d86cbd1a8','http://initech.zendesk.com/api/v2/tickets/4eea5790-b490-4dee-877f-808d86cbd1a8.json','c6250ca2-1098-426b-b274-9202dc4cae50','2016-02-26T06:34:34 -11:00','problem','A Çatastrophe in Sudan','Lorem quis culpa eiusmod culpa eu. Aute ullamco anim nostrud consequat consequat ipsum aliquip ipsum.','low','pending',66,73,113,'New Mexico','Nebraska','Connecticut','Arkansas','false','2016-07-31T06:51:48 -10:00','web'),
	('50dfc8bc-31de-411e-92bf-a6d6b9dfa490','http://initech.zendesk.com/api/v2/tickets/50dfc8bc-31de-411e-92bf-a6d6b9dfa490.json','8bc8bee7-2d98-4b69-b4a9-4f348ff41fa3','2016-03-08T09:44:54 -11:00','task','A Problem in South Africa','Esse nisi occaecat pariatur veniam culpa dolore anim elit aliquip. Cupidatat mollit nulla consectetur ullamco tempor esse.','high','hold',43,54,103,'Georgia','Tennessee','Mississippi','Marshall Islands','true','2016-08-03T09:17:37 -10:00','voice'),
	('50f3fdbd-f8a6-481d-9bf7-572972856628','http://initech.zendesk.com/api/v2/tickets/50f3fdbd-f8a6-481d-9bf7-572972856628.json','bf080887-362a-4311-90be-a23cbacf712f','2016-05-19T08:52:06 -10:00','incident','A Nuisance in Namibia','Cillum laboris ad ex reprehenderit dolor velit tempor ea id ut veniam. Excepteur sunt ullamco qui est laboris veniam ut commodo tempor ea laborum.','normal','pending',66,12,125,'Maine','West Virginia','Michigan','Florida','false','2016-08-01T11:48:58 -10:00','voice'),
	('530bc434-9984-4a54-8a74-83433d3da340','http://initech.zendesk.com/api/v2/tickets/530bc434-9984-4a54-8a74-83433d3da340.json','2a684ab0-3760-49f5-b161-28371d10222d','2016-05-17T09:06:05 -10:00','incident','A Problem in Denmark','Cillum nisi aliqua mollit qui cupidatat tempor dolore. Fugiat officia tempor ea nisi ad enim duis in eiusmod ea aliqua ullamco non.','urgent','solved',56,22,111,'Connecticut','Arkansas','Missouri','Alabama','false','2016-08-23T07:46:46 -10:00','chat'),
	('5315f036-2bdd-4d6e-a356-fc6759c74351','http://initech.zendesk.com/api/v2/tickets/5315f036-2bdd-4d6e-a356-fc6759c74351.json','3f54d338-9781-4650-a6e8-8dece939e258','2016-02-21T10:52:48 -11:00','problem','A Catastrophe in Central African Republic','Adipisicing commodo ut non quis occaecat non magna id labore ipsum eu duis nostrud irure. Irure culpa aliqua tempor esse aute elit velit.','urgent','open',3,14,124,'Minnesota','New Jersey','Texas','Nevada','false','2016-08-04T06:56:18 -10:00','voice'),
	('53867869-0db0-4b8d-9d6c-9d1c0af4e693','http://initech.zendesk.com/api/v2/tickets/53867869-0db0-4b8d-9d6c-9d1c0af4e693.json','d3b44197-5e5f-4dee-82de-bda68efb6210','2016-05-14T09:19:56 -10:00','task','A Drama in Gabon','Eu anim laborum enim voluptate ex minim quis magna culpa occaecat qui amet anim. Consectetur adipisicing sunt est fugiat cillum eiusmod elit nostrud cupidatat culpa esse eiusmod.','urgent','solved',51,5,118,'Utah','Hawaii','Alaska','Maryland','false','2016-08-14T06:11:52 -10:00','web'),
	('53ae78d0-40a9-444f-9a47-bc0bf064d2ee','http://initech.zendesk.com/api/v2/tickets/53ae78d0-40a9-444f-9a47-bc0bf064d2ee.json','8223e8f1-38bb-4904-b37b-fda9bb4f00fb','2016-06-30T07:12:07 -10:00','problem','A Problem in Trinidad and Tobago','Consequat sit sint velit anim laboris adipisicing fugiat laborum quis deserunt nostrud excepteur aliqua. Sit sint sunt ea cupidatat qui anim cillum ullamco occaecat.','high','open',66,23,121,'Oregon','Arizona','Delaware','New Hampshire','true','2016-08-02T07:15:52 -10:00','voice'),
	('54f60187-6064-492a-9a4c-37fc21b4e300','http://initech.zendesk.com/api/v2/tickets/54f60187-6064-492a-9a4c-37fc21b4e300.json','59c124af-c22c-41ee-9627-cbe204a8fff7','2016-02-11T05:36:16 -11:00','problem','A Problem in Barbados','Ad qui nostrud veniam ea nulla. Minim sunt qui id culpa sit incididunt sint id aliquip dolore veniam enim amet irure.','urgent','solved',58,20,NULL,'Texas','Nevada','Oregon','Arizona','true','2016-08-06T11:11:16 -10:00','chat'),
	('5507c3f7-27fe-48f1-b01e-46d31715cc62','http://initech.zendesk.com/api/v2/tickets/5507c3f7-27fe-48f1-b01e-46d31715cc62.json','84c43214-2b6b-4631-a4bb-64af712e920b','2016-01-22T02:20:40 -11:00','question','A Problem in French Guiana','Dolor anim dolore quis sint excepteur esse pariatur. Occaecat duis incididunt culpa non magna fugiat laborum.','normal','solved',10,53,112,'Missouri','Alabama','Virginia','Virgin Islands','true',NULL,'chat'),
	('55135930-9f1f-43df-a9fd-2105fff74578','http://initech.zendesk.com/api/v2/tickets/55135930-9f1f-43df-a9fd-2105fff74578.json','f0dc9986-6552-4a84-84ba-e9c67453a55a','2016-03-24T08:06:32 -11:00','problem','A Problem in Mexico','Exercitation in pariatur ex est dolore duis et do excepteur ullamco commodo reprehenderit. Exercitation aute excepteur dolore laboris consequat ullamco irure id ipsum cillum esse.','normal','open',74,49,116,'Utah','Hawaii','Alaska','Maryland','false','2016-08-14T07:14:25 -10:00','voice'),
	('5613ffcb-8a33-4341-9be7-1534ae1050bc','http://initech.zendesk.com/api/v2/tickets/5613ffcb-8a33-4341-9be7-1534ae1050bc.json','da1f1d35-f33e-4b82-ad2e-a815cfb38023','2016-01-18T08:51:11 -11:00','problem','A Catastrophe in Thailand','Quis quis adipisicing nulla nulla. Magna deserunt qui amet cupidatat pariatur commodo quis sit culpa veniam quis aliquip sunt.','low','solved',51,33,119,'Iowa','North Dakota','California','Palau','false','2016-08-15T01:48:37 -10:00','voice'),
	('5799c5e4-2c48-4319-8c5b-88df58ebbd12','http://initech.zendesk.com/api/v2/tickets/5799c5e4-2c48-4319-8c5b-88df58ebbd12.json','17bb9716-cf14-4d56-a19d-cd41d3ecfc6e','2016-01-31T12:08:24 -11:00','incident','A Nuisance in French Polynesia','Id nisi enim velit et magna. Do commodo occaecat consectetur consectetur nulla commodo pariatur exercitation.','urgent','hold',54,8,123,'Illinois','Fédératéd Statés Of Micronésia','Rhode Island','Kansas','false','2016-08-07T11:36:13 -10:00','web'),
	('59cc8598-7f44-4b4c-a57f-e65e8ad67323','http://initech.zendesk.com/api/v2/tickets/59cc8598-7f44-4b4c-a57f-e65e8ad67323.json','a83f28f4-6654-4d3a-9b58-c05d7a9b3d2d','2016-07-21T11:35:59 -10:00','incident','A Problem in Antarctica','Nulla et eu elit sit dolor irure. Eiusmod proident ut sint est nostrud.','normal','solved',73,65,108,'Massachusetts','New York','Minnesota','New Jersey','false','2016-08-06T06:40:14 -10:00','voice'),
	('59d803f6-a9cd-448c-a6bd-91ce9f044305','http://initech.zendesk.com/api/v2/tickets/59d803f6-a9cd-448c-a6bd-91ce9f044305.json','46d3d5d7-e6f1-4b30-94c7-06a5ee46a5a1','2016-02-15T05:41:05 -11:00','task','A Drama in Burundi','Commodo aute amet eu irure sunt deserunt nulla excepteur minim tempor cupidatat do. Fugiat magna Lorem Lorem ullamco.','normal','open',59,15,117,'Kentucky','North Carolina','South Carolina','Indiana','true','2016-08-14T08:05:46 -10:00','web'),
	('5aa53572-b31c-4d27-814b-11709ab00259','http://initech.zendesk.com/api/v2/tickets/5aa53572-b31c-4d27-814b-11709ab00259.json','c38e866e-0b2e-4207-a7da-bc4c2cb5eb8f','2016-02-11T04:46:29 -11:00','question','A Problem in Heard and McDonald Islands','Esse culpa pariatur esse ut aliqua aute Lorem voluptate est non pariatur sit non non. Ut Lorem proident cupidatat reprehenderit adipisicing nostrud.','normal','hold',73,44,107,'South Carolina','Indiana','New Mexico','Nebraska','true','2016-08-23T01:54:35 -10:00','voice'),
	('5c66cef0-7abc-46df-b487-5f8eb6208422','http://initech.zendesk.com/api/v2/tickets/5c66cef0-7abc-46df-b487-5f8eb6208422.json','8be1714b-0400-4123-b9a4-19b998d94b05','2016-04-20T08:33:14 -10:00','question','A Problem in Switzerland','Minim dolore ullamco laboris mollit nisi. Nulla adipisicing cillum occaecat tempor ad ea officia exercitation cillum eiusmod incididunt qui tempor ipsum.','urgent','open',75,37,108,'Delaware','New Hampshire','Utah','Hawaii','false','2016-08-22T07:41:00 -10:00','chat'),
	('5f7a19db-432e-4d6f-8c29-ba121aed5d68','http://initech.zendesk.com/api/v2/tickets/5f7a19db-432e-4d6f-8c29-ba121aed5d68.json','f3e1924b-8dee-4f3c-907a-89edd2250523','2016-05-28T06:33:28 -10:00','question','A Problem in Cambodia','Ea nisi aliquip sint et. Ea do sunt ex mollit tempor voluptate sint in Lorem nisi aliqua.','high','hold',40,23,123,'Massachusetts','New York','Minnesota','New Jersey','true','2016-08-12T05:40:30 -10:00','web'),
	('60d6b68c-51e9-439f-aacb-c2f36f1fa2f5','http://initech.zendesk.com/api/v2/tickets/60d6b68c-51e9-439f-aacb-c2f36f1fa2f5.json','8d602c65-aa3c-417d-8d17-95fc26529b10','2016-07-25T06:11:54 -10:00','incident','A Catastrophe in Guam','Adipisicing ex non quis pariatur. Laboris aliquip ut non ut excepteur sint occaecat exercitation tempor.','normal','open',22,15,114,'Minnesota','New Jersey','Texas','Nevada','false','2016-08-12T12:58:31 -10:00','chat'),
	('62a4326f-7114-499f-9adc-a14e99a7ffb4','http://initech.zendesk.com/api/v2/tickets/62a4326f-7114-499f-9adc-a14e99a7ffb4.json','f88517ba-8ac4-418e-b818-0a33385fa2b8','2016-07-14T05:53:16 -10:00','task','A Drama in Wallis and Futuna Islands','Cillum cupidatat dolore mollit commodo amet labore ad reprehenderit. Lorem veniam pariatur Lorem consectetur ad mollit non cillum sunt veniam consequat.','urgent','solved',71,57,105,'Rhode Island','Kansas','Guam','Colorado','true','2016-08-22T02:19:02 -10:00','chat'),
	('6403bd08-b7a0-49a3-a843-14ccb8ebbfca','http://initech.zendesk.com/api/v2/tickets/6403bd08-b7a0-49a3-a843-14ccb8ebbfca.json','3f8fe9d5-f0d7-4944-8ad9-e835da7b87f5','2016-02-14T12:25:53 -11:00','question','A Drama in El Salvador','In minim cillum labore esse fugiat tempor irure aliqua laborum veniam consectetur. Laborum aliquip deserunt ad nisi.','urgent','closed',38,73,108,'Oklahoma','Louisiana','Massachusetts','New York','true','2016-08-23T02:11:24 -10:00','chat'),
	('674a19a1-c330-45fb-8b61-b4d77ba87130','http://initech.zendesk.com/api/v2/tickets/674a19a1-c330-45fb-8b61-b4d77ba87130.json','050ea8ce-251c-44c8-b71c-535dd9072a74','2016-03-07T08:24:53 -11:00','task','A Drama in St. Pierre and Miquelon','Incididunt exercitation voluptate eu laborum proident Lorem minim pariatur. Lorem culpa amet Lorem Lorem commodo anim deserunt do consectetur sunt.','low','open',49,14,109,'Connecticut','Arkansas','Missouri','Alabama','false','2016-08-15T06:13:11 -10:00','voice'),
	('69e3949d-1be3-439d-8bab-47d2827396d0','http://initech.zendesk.com/api/v2/tickets/69e3949d-1be3-439d-8bab-47d2827396d0.json','06ecf19f-81d8-47d3-b545-4c1056f91f04','2016-03-14T01:53:19 -11:00','question','A Drama in Belgium','Sint fugiat pariatur incididunt proident. Qui veniam adipisicing est aliquip in culpa excepteur laborum in cillum sint id aliquip.','high','solved',31,31,109,'New Mexico','Nebraska','Connecticut','Arkansas','true','2016-08-19T08:44:23 -10:00','chat'),
	('6a075290-6f77-4d70-87f2-e4867591772c','http://initech.zendesk.com/api/v2/tickets/6a075290-6f77-4d70-87f2-e4867591772c.json','25fc92d4-bfb7-4469-a55f-bf46a900e6b7','2016-01-11T05:43:49 -11:00','problem','A Drama in Botswana','Duis mollit commodo duis nostrud tempor auté ipsum incididunt ullamco quis incididunt. Véniam sit non auté irure eu anim ea pariatur sunt nostrud consectetur commodo.','low','closed',30,5,116,'South Carolina','Indiana','New Mexico','Nebraska','false','2016-08-07T09:56:12 -10:00','voice'),
	('6a391c4f-d68b-489b-9874-e00631527cee','http://initech.zendesk.com/api/v2/tickets/6a391c4f-d68b-489b-9874-e00631527cee.json','0ef2bd97-0da4-4ab7-8e73-e8c93b7490a9','2016-03-01T06:00:12 -11:00','question','A Catastrophe in Armenia','Id esse nulla amet voluptate culpa excepteur aute esse elit nulla commodo. Ipsum dolor aliquip duis nulla voluptate cillum.','urgent','pending',72,17,114,'Rhode Island','Kansas','Guam','Colorado','false','2016-07-30T10:36:36 -10:00','chat'),
	('6aac0369-a7e5-4417-8b50-92528ef485d3','http://initech.zendesk.com/api/v2/tickets/6aac0369-a7e5-4417-8b50-92528ef485d3.json','0c2ba6c6-ea9a-4a58-ada4-bc72f3b9ff39','2016-06-15T12:03:55 -10:00','question','A Nuisance in Latvia','Laboris laborum culpa sit culpa minim ad laborum Lorem laboris aliqua tempor. Aliqua sit nisi deserunt eu quis ipsum incididunt aute excepteur cillum.','urgent','hold',50,29,113,'Washington','Wyoming','Ohio','Pennsylvania','false','2016-08-16T05:52:08 -10:00','chat'),
	('6c0406da-481e-414a-9dc5-8d7aec832e67','http://initech.zendesk.com/api/v2/tickets/6c0406da-481e-414a-9dc5-8d7aec832e67.json','7e093948-9f97-4607-b1aa-f90a0c6ddadc','2016-07-05T06:06:23 -10:00','problem','A Catastrophe in Faroe Islands','Dolor voluptate aliqua ipsum eiusmod aute aute eiusmod esse ut nisi enim Lorem culpa. Sint cupidatat est excepteur ut consequat qui in.','high','closed',58,6,107,'Maine','West Virginia','Michigan','Florida','true','2016-08-23T08:10:03 -10:00','chat'),
	('6d6dbb5b-2b74-46a9-8e0a-8d8140f63412','http://initech.zendesk.com/api/v2/tickets/6d6dbb5b-2b74-46a9-8e0a-8d8140f63412.json','1ef988d9-65b9-4f59-9930-844c97603b0f','2016-07-27T01:43:49 -10:00','task','A Nuisance in Comoros','Commodo deserunt anim quis nostrud aliquip sit aliqua Lorem. Irure voluptate proident tempor veniam labore voluptate anim nulla ullamco reprehenderit excepteur id incididunt sunt.','normal','hold',11,73,123,'Puerto Rico','Idaho','Oklahoma','Louisiana','false','2016-08-21T06:07:01 -10:00','web'),
	('6e146832-0c37-4fb5-b173-a7e89bce4aff','http://initech.zendesk.com/api/v2/tickets/6e146832-0c37-4fb5-b173-a7e89bce4aff.json','21e87d91-87e4-4fa4-a8e0-849ef7bbb7ec','2016-02-10T06:55:39 -11:00','problem','A Nuisance in Tunisia','Esse esse laborum culpa et cillum. Nulla occaecat incididunt esse laboris anim consequat ipsum fugiat.','high','closed',29,70,114,'Delaware','New Hampshire','Utah','Hawaii','false','2016-08-23T03:05:26 -10:00','web'),
	('6e77bbf1-5fc7-4f41-aeb1-74f8730f974b','http://initech.zendesk.com/api/v2/tickets/6e77bbf1-5fc7-4f41-aeb1-74f8730f974b.json','3ce8b7f5-952b-485a-a6c3-8d5259d3850a','2016-06-24T07:57:38 -10:00','problem','A Problem in Guatemala','Ex labore dolor commodo magna ex pariatur sunt amet ad quis duis laborum. Fugiat anim non esse eu sunt elit.','high','open',49,26,119,'Texas','Nevada','Oregon','Arizona','true','2016-08-01T11:20:58 -10:00','voice'),
	('6ed590ac-e385-46e2-a27a-50628a658168','http://initech.zendesk.com/api/v2/tickets/6ed590ac-e385-46e2-a27a-50628a658168.json','0142fe07-2e8d-47ef-8cd8-8508810f13f7','2016-03-03T05:35:49 -11:00','task','A Problem in Uzbekistan','Anim do est ea ex minim voluptate laborum culpa. Irure velit do in proident magna nostrud.','normal','open',72,44,110,'Illinois','Fédératéd Statés Of Micronésia','Rhode Island','Kansas','false','2016-08-22T06:11:46 -10:00','web'),
	('6f2eca87-8425-40f5-b12c-6745039d12f6','http://initech.zendesk.com/api/v2/tickets/6f2eca87-8425-40f5-b12c-6745039d12f6.json','ca106ab2-84af-45e7-a101-2d5c63eebf85','2016-01-15T04:28:01 -11:00','question','A Problem in Zaire','Anim qui cupidatat in sint elit eiusmod officia mollit dolor adipisicing elit exercitation mollit irure. Mollit et fugiat reprehenderit occaecat sit magna laboris excepteur incididunt nostrud amet sunt ut minim.','urgent','solved',19,33,121,'Maine','West Virginia','Michigan','Florida','true','2016-08-22T10:12:33 -10:00','chat'),
	('6fed7d01-15dd-4b59-94f9-1093b4bc0995','http://initech.zendesk.com/api/v2/tickets/6fed7d01-15dd-4b59-94f9-1093b4bc0995.json','cdb3576c-8d42-40e4-8f3f-6c1ea89f7766','2016-06-03T06:03:33 -10:00','task','A Catastrophe in Bermuda','Nulla do cupidatat magna ea cillum nulla do ad cupidatat veniam dolor occaecat. Consequat nisi nostrud amet proident deserunt tempor velit culpa duis id nulla.','high','pending',27,2,102,'Puerto Rico','Idaho','Oklahoma','Louisiana','false','2016-08-11T06:46:49 -10:00','voice'),
	('703d347c-eaeb-402b-9890-b4736649b9ce','http://initech.zendesk.com/api/v2/tickets/703d347c-eaeb-402b-9890-b4736649b9ce.json','e749b876-2425-4e6f-8150-50cfec6ef5e8','2016-02-09T05:20:20 -11:00','problem','A Problem in Madagascar','Ipsum irure proident ipsum ut eiusmod commodo occaecat cupidatat exercitation elit est elit sunt ex. Şint ut laboris proident excepteur do excepteur.','high','hold',68,68,107,'Delaware','New Hampshire','Utah','Hawaii','false','2016-08-16T03:52:40 -10:00','web'),
	('710bf26b-d65b-4712-95aa-4d123c06e0d7','http://initech.zendesk.com/api/v2/tickets/710bf26b-d65b-4712-95aa-4d123c06e0d7.json','3fc61af3-d789-4d9e-a18d-56a89cb70499','2016-02-01T11:47:51 -11:00','task','A Nuisance in Costa Rica','Aute veniam ex non non ex do. Laborum consequat adipisicing velit dolor aliquip.','low','closed',33,57,107,'Oregon','Arizona','Delaware','New Hampshire','true','2016-08-04T10:20:00 -10:00','chat'),
	('7251d3d2-a735-487d-9481-243c3048f171','http://initech.zendesk.com/api/v2/tickets/7251d3d2-a735-487d-9481-243c3048f171.json','24aef57a-3ec8-4799-8427-af0aae841467','2016-03-18T04:55:44 -11:00','problem','A Catastrophe in Gibraltar','Reprehenderit do eu enim ipsum deserunt irure consequat duis sit. Adipisicing eiusmod aliquip cillum non exercitation dolor in.','urgent','closed',5,21,122,'Connecticut','Arkansas','Missouri','Alabama','true','2016-08-03T05:56:26 -10:00','web'),
	('7382ad0e-dea7-4c8d-b38f-cbbf016f2598','http://initech.zendesk.com/api/v2/tickets/7382ad0e-dea7-4c8d-b38f-cbbf016f2598.json','6d3b0e05-6013-4513-9913-0bb6a0f66ef7','2016-03-31T03:16:52 -11:00','task','A Problem in American Samoa','Excepteur dolor in commodo minim irure laboris. In incididunt mollit veniam pariatur ullamco laborum ullamco aliqua do fugiat Lorem.','high','closed',35,64,118,'Missouri','Alabama','Virginia','Virgin Islands','true','2016-08-06T08:36:17 -10:00','chat'),
	('774765fe-7123-4131-8822-e855d3cad14c','http://initech.zendesk.com/api/v2/tickets/774765fe-7123-4131-8822-e855d3cad14c.json','52d8d6bf-e289-42f2-8f25-133040723f6c','2016-06-23T06:08:21 -10:00','task','A Drama in Germany','Pariatur veniam ipsum sit ullamco pariatur consectetur. Cillum laborum labore excepteur minim officia velit cupidatat esse labore enim.','normal','pending',17,12,124,'Mississippi','Marshall Islands','Şouth Dakota','Montana','false','2016-08-06T06:16:27 -10:00','web'),
	('77852bfb-5f33-4667-acf4-16e15d6c95d5','http://initech.zendesk.com/api/v2/tickets/77852bfb-5f33-4667-acf4-16e15d6c95d5.json','c69a0dd9-e866-4245-8ffa-75b07e5090f1','2016-07-28T10:26:16 -10:00','task','A Nuisance in Cote D\'Ivoire (Ivory Coast)','Ad eu mollit nulla eiusmod nostrud id. Do veniam dolor id sunt dolore elit proident enim ipsum est culpa incididunt cillum.','low','hold',68,47,108,'Oregon','Arizona','Delaware','New Hampshire','true','2016-08-06T03:44:27 -10:00','chat'),
	('7a0b41db-f910-4814-8d75-1e0915ec5d27','http://initech.zendesk.com/api/v2/tickets/7a0b41db-f910-4814-8d75-1e0915ec5d27.json','51a0fa14-fd84-473f-92b0-62f58da25241','2016-03-15T07:32:22 -11:00','question','A Drama in Bolivia','Et ullamco velit cillum laboris. Occaecat consequat cupidatat pariatur ex est nulla sit irure eiusmod excepteur nostrud duis in sunt.','normal','hold',70,47,109,'Puerto Rico','Idaho','Oklahoma','Louisiana','false','2016-08-06T07:52:50 -10:00','voice'),
	('7c67b6ed-6776-4065-bd4a-f2d9d12c33b7','http://initech.zendesk.com/api/v2/tickets/7c67b6ed-6776-4065-bd4a-f2d9d12c33b7.json','a429a380-84db-447b-b50f-02c09165dab2','2016-07-03T03:05:56 -10:00','problem','A Nuisance in Greenland','Fugiat aliquip esse elit dolore aliquip ipsum ullamco proident excepteur non duis aute labore. Est laborum ex labore quis adipisicing.','normal','solved',42,59,107,'Oklahoma','Louisiana','Massachusetts','New York','false','2016-08-17T06:25:43 -10:00','chat'),
	('7e3b58e9-1235-40ee-a0c1-819153fb3dae','http://initech.zendesk.com/api/v2/tickets/7e3b58e9-1235-40ee-a0c1-819153fb3dae.json','5e17e22a-b77a-43a2-9150-fe05d31c046d','2016-02-07T12:59:35 -11:00','question','A Problem in Oman','Consequat sit esse laborum dolor do irure incididunt incididunt qui laboris esse commodo. Excepteur ad et qui nisi excepteur.','urgent','closed',65,10,105,'Maine','West Virginia','Michigan','Florida','true','2016-08-08T04:32:50 -10:00','web'),
	('7ef6cf9f-121d-41e7-832c-68d811da9379','http://initech.zendesk.com/api/v2/tickets/7ef6cf9f-121d-41e7-832c-68d811da9379.json','43e8e3b2-676f-4635-b3b7-df7ce7be93dc','2016-06-26T04:34:33 -10:00','problem','A Catastrophe in Netherlands Antilles','Nulla consectetur eu magna ut. Anim labore est laboris est occaecat consequat eiusmod consequat ex do culpa sit commodo do.','low','solved',61,51,124,'Iowa','North Dakota','California','Palau','true','2016-08-10T01:58:13 -10:00','web'),
	('81bdd837-e955-4aa4-a971-ef1e3b373c6d','http://initech.zendesk.com/api/v2/tickets/81bdd837-e955-4aa4-a971-ef1e3b373c6d.json','dbf801cc-2d9e-403e-9210-4c870240d270','2016-01-13T05:42:04 -11:00','problem','A Catastrophe in Pakistan','Velit Lorem laboris qui enim occaecat veniam. Qui quis voluptate qui incididunt commodo laborum dolor non anim consectetur incididunt id.','normal','hold',74,40,105,'California','Palau','Kentucky','North Carolina','true',NULL,'voice'),
	('828c158a-91e3-42b9-8aed-ac97407a150f','http://initech.zendesk.com/api/v2/tickets/828c158a-91e3-42b9-8aed-ac97407a150f.json','2c8cc93c-68e4-4685-bf22-e329ac69636b','2016-04-10T11:55:28 -10:00','task','A Drama in Israel','Veniam officia irure laboris laborum irure incididunt ea dolor. Ullamco proident occaecat occaecat et sit ex quis mollit occaecat eiusmod sunt Lorem enim quis.','normal','solved',72,54,116,'Missouri','Alabama','Virginia','Virgin Islands','false','2016-07-31T04:32:55 -10:00','web'),
	('8629d5fa-89c4-4e9b-9d9f-221b68b079f4','http://initech.zendesk.com/api/v2/tickets/8629d5fa-89c4-4e9b-9d9f-221b68b079f4.json','7139e22f-7902-412d-9bb8-5b7aca2bdfae','2016-02-03T03:44:33 -11:00',NULL,'A Drama in Indonesia','Magna laborum nisi nostrud consectetur tempor excepteur. Deserunt dolore cillum ut non sit adipisicing cillum enim consequat culpa excepteur.','high','open',51,68,122,'Ohio','Pennsylvania','American Samoa','Northern Mariana Islands','false','2016-08-06T08:19:07 -10:00','chat'),
	('87db32c5-76a3-4069-954c-7d59c6c21de0','http://initech.zendesk.com/api/v2/tickets/87db32c5-76a3-4069-954c-7d59c6c21de0.json','1c61056c-a5ad-478a-9fd6-38889c3cd728','2016-07-06T11:16:50 -10:00','problem','A Problem in Morocco','Sit culpa non magna anim. Ea velit qui nostrud eiusmod laboris dolor adipisicing quis deserunt elit amet.','urgent','solved',14,7,118,'Texas','Nevada','Oregon','Arizona','true','2016-08-19T07:40:17 -10:00','voice'),
	('89255552-e9a2-433b-970a-af194b3a39dd','http://initech.zendesk.com/api/v2/tickets/89255552-e9a2-433b-970a-af194b3a39dd.json','385ac1f0-e1e9-4bed-ba06-2f3013d8e914','2016-01-20T01:23:55 -11:00','task','A Problem in Turks and Caicos Islands','Qui ea sit incididunt culpa commodo velit fugiat reprehenderit. Eu quis sint nulla ut veniam irure sunt ad elit proident dolore.','low','pending',39,52,101,'Virginia','Virgin Islands','Maine','West Virginia','false','2016-08-08T07:24:14 -10:00','web'),
	('8d7b4d51-ef95-4923-9ab8-42332ab2188d','http://initech.zendesk.com/api/v2/tickets/8d7b4d51-ef95-4923-9ab8-42332ab2188d.json','c0a785cf-b0e0-4627-acb6-97adac4b7be6','2016-05-30T02:40:22 -10:00','question','A Catastrophe in Malta','Est consequat elit do do id laborum ad enim sit nostrud id eiusmod. Labore tempor velit cupidatat aliquip excepteur anim aliquip aliquip.','high','pending',3,8,118,'Virginia','Virgin Islands','Maine','West Virginia','true','2016-08-12T02:41:31 -10:00','voice'),
	('8dc38ac1-53a6-4dff-a43d-d52aa9de1d1f','http://initech.zendesk.com/api/v2/tickets/8dc38ac1-53a6-4dff-a43d-d52aa9de1d1f.json','1e997288-e54e-4782-bdbd-4d143aea72ae','2016-02-13T01:35:11 -11:00','incident','A Nuisance in Greece','Sunt ullamco incididunt velit sint occaecat exercitation cupidatat. Commodo cillum commodo pariatur proident commodo minim incididunt enim.','urgent','open',14,67,106,'Maine','West Virginia','Michigan','Florida','false','2016-08-12T10:25:13 -10:00','web'),
	('8ea53283-5b36-4328-9a78-f261ee90f44b','http://initech.zendesk.com/api/v2/tickets/8ea53283-5b36-4328-9a78-f261ee90f44b.json','c3ac8b50-0982-462f-b2d4-b0132ac32578','2016-03-07T03:00:54 -11:00','task','A Catastrophe in Sierra Leone','Elit cupidatat amet non quis Lorem elit officia commodo culpa eiusmod cupidatat. Mollit proident elit reprehenderit ea qui commodo reprehenderit consequat quis sunt.','low','open',59,71,124,'Washington','Wyoming','Ohio','Pennsylvania','true','2016-08-22T08:21:08 -10:00','chat'),
	('916aab4a-0577-40cf-8f56-a45912a6ac23','http://initech.zendesk.com/api/v2/tickets/916aab4a-0577-40cf-8f56-a45912a6ac23.json','9fbaddb4-d72f-4270-baf9-dba1de59bb4b','2016-05-14T11:36:47 -10:00','task','A Nuisance in Togo','Magna dolor do enim velit incididunt reprehenderit aute consequat irure fugiat ullamco. Nulla tempor occaecat consectetur culpa consectetur proident culpa.','low','pending',19,39,110,'Mississippi','Marshall Islands','South Dakota','Montana','false','2016-08-15T01:19:11 -10:00','chat'),
	('9216c7b3-9a7b-40cb-8f96-56fca79520eb','http://initech.zendesk.com/api/v2/tickets/9216c7b3-9a7b-40cb-8f96-56fca79520eb.json','f500bb66-29ac-4b8d-b782-3551c07eb3d5','2016-03-30T03:13:04 -11:00','task','A Problem in Marshall Islands','Id quis amet velit laboris adipisicing et duis officia amet mollit occaecat tempor velit pariatur. Sunt velit ad enim ea consequat.','high','pending',57,34,124,'Kentucky','North Carolina','South Carolina','Indiana','false','2016-08-15T11:52:58 -10:00','voice'),
	('92ab4d58-39fa-4a25-a1ff-c61eebaf2cdb','http://initech.zendesk.com/api/v2/tickets/92ab4d58-39fa-4a25-a1ff-c61eebaf2cdb.json','adeb91db-02f8-41ef-a998-0027e1cf6859','2016-05-06T09:55:37 -10:00','problem','A Nuisance in Tajikistan','Occaecat reprehenderit do eu qui. Tempor et cillum ea sunt fugiat.','low','closed',33,24,107,'Washington','Wyoming','Ohio','Pennsylvania','false','2016-08-03T08:16:00 -10:00','voice'),
	('92c88581-f778-42bc-a828-0000afaa9588','http://initech.zendesk.com/api/v2/tickets/92c88581-f778-42bc-a828-0000afaa9588.json','ab93ae5d-65df-47d3-a4e6-5c0e9c7b88b3','2016-02-17T04:36:13 -11:00','incident','A Nuisance in Virgin Islands (British)','Ullamco nostrud est excepteur elit sunt exercitation veniam. Nulla sint consequat commodo officia qui in nulla et tempor occaecat ex.','high','pending',4,6,109,'Mississippi','Marshall Islands','South Dakota','Montana','true','2016-08-04T07:09:55 -10:00','chat'),
	('92e5d8f0-853a-4f56-b7fb-b0582e6b1c79','http://initech.zendesk.com/api/v2/tickets/92e5d8f0-853a-4f56-b7fb-b0582e6b1c79.json','39e2b2fa-9d90-4390-beb5-2bade85ce5ba','2016-01-06T09:27:57 -11:00','incident','A Drama in Nepal','Et occaecat elit enim tempor ipsum. Sint sit proident sit ipsum cillum voluptate ipsum nostrud officia sint exercitation reprehenderit id eu.','high','pending',8,72,118,'Kentucky','North Carolina','South Carolina','Indiana','true','2016-08-05T09:42:07 -10:00','voice'),
	('945ce2d3-3edc-4936-8d51-e59e74cf917a','http://initech.zendesk.com/api/v2/tickets/945ce2d3-3edc-4936-8d51-e59e74cf917a.json','5c741d66-cdd4-4d20-bb95-a3948217bf2c','2016-04-23T05:47:03 -10:00','task','A Drama in Guinea','Esse Lorem qui cillum amet enim sint aute duis veniam non. Esse irure sit qui non amet reprehenderit ullamco tempor duis exercitation excepteur.','urgent','hold',70,32,118,'American Samoa','Northern Mariana Islands','Puerto Rico','Idaho','true','2016-07-31T05:29:05 -10:00','voice'),
	('95870a6c-22bd-45c3-8d8e-b7f2c7d46b76','http://initech.zendesk.com/api/v2/tickets/95870a6c-22bd-45c3-8d8e-b7f2c7d46b76.json','4a70394c-9b1a-4766-9d41-ef7f61a01a1c','2016-06-26T12:12:53 -10:00','question','A Nuisance in Equatorial Guinea','Labore in consequat exercitation aliqua incididunt ullamco eu veniam irure occaecat. Sunt velit aute eiusmod velit.','high','open',4,3,111,'Alaska','Maryland','Iowa','North Dakota','true','2016-08-21T06:49:58 -10:00','chat'),
	('9a21f37a-8ac5-4ef1-8b99-f1d4ca9cf170','http://initech.zendesk.com/api/v2/tickets/9a21f37a-8ac5-4ef1-8b99-f1d4ca9cf170.json','09c3cefd-2149-4491-9993-d6b84fc7fbf4','2016-02-05T10:36:14 -11:00','task','A Problem in Turkey','Ut et aliquip tempor incididunt adipisicing id. Aliquip ut dolor esse mollit do laboris cillum qui fugiat.','high','pending',52,18,115,'District Of Columbia','Wisconsin','Illinois','Fédératéd Statés Of Micronésia','true','2016-07-30T01:49:16 -10:00','chat'),
	('9cbbadfe-7242-4d5a-af78-62aa7191d944','http://initech.zendesk.com/api/v2/tickets/9cbbadfe-7242-4d5a-af78-62aa7191d944.json','d193deb7-92d5-4004-a532-4a1cd30449c5','2016-01-30T12:45:37 -11:00','task','A Nuisance in Bangladesh','Laboris irure aliquip quis consequat Lorem aute irure enim incididunt officia duis ipsum. Velit consequat id irure irure irure Lorem labore.','high','pending',43,64,119,'Kentucky','North Carolina','South Carolina','Indiana','false','2016-08-14T09:28:10 -10:00','voice'),
	('9fe171f6-8790-4d8c-9463-b90052ee7423','http://initech.zendesk.com/api/v2/tickets/9fe171f6-8790-4d8c-9463-b90052ee7423.json','980e1849-ab7d-4b9f-803c-26eb8853bb34','2016-02-11T03:00:48 -11:00','incident','A Nuisance in United States','Occaecat est irure dolor cupidatat. Esse laborum laboris ullamco magna commodo ut fugiat ex cupidatat eu deserunt.','urgent','solved',8,72,122,'New Mexico','Nebraska','Connecticut','Arkansas','false','2016-08-18T04:37:42 -10:00','chat'),
	('a0bed386-ecd2-43fc-ae39-c8468d0e5cb4','http://initech.zendesk.com/api/v2/tickets/a0bed386-ecd2-43fc-ae39-c8468d0e5cb4.json','c29fa950-0a93-4ffd-afd7-861fd6aafca5','2016-03-10T11:44:22 -11:00','question','A Drama in Samoa','Non exercitation ea officia consectetur cupidatat est. In ad exercitation esse do ipsum laborum et nulla non aliqua reprehenderit id.','high','solved',54,40,108,'Missouri','Alabama','Virginia','Virgin Islands','false','2016-08-09T08:46:39 -10:00','web'),
	('a0d5a779-dc8d-4191-9245-971ed57a8072','http://initech.zendesk.com/api/v2/tickets/a0d5a779-dc8d-4191-9245-971ed57a8072.json','32d9be96-1ea7-4788-993d-abc064cd55ca','2016-04-20T09:40:14 -10:00','incident','A Catastrophe in Italy','Excepteur occaecat dolor occaecat Lorem consequat dolore eiusmod consectetur. Commodo eu aliqua qui do laboris sunt nulla eu do ipsum ipsum dolor.','low','pending',36,74,105,'Michigan','Florida','Georgia','Tennessee','false','2016-07-31T07:03:07 -10:00','voice'),
	('a12a5f33-d4a0-4e43-8773-4b22e16fc0c8','http://initech.zendesk.com/api/v2/tickets/a12a5f33-d4a0-4e43-8773-4b22e16fc0c8.json','d174179a-8613-489d-a4f4-0d3b2ee71593','2016-04-26T06:22:28 -10:00','question','A Nuisance in Liberia','Proident qui nulla in incididunt. Labore mollit sit cupidatat aliquip occaecat minim sint aliquip ullamco et reprehenderit.','high','solved',52,74,102,'Washington','Wyoming','Ohio','Pennsylvania','true','2016-07-31T06:26:41 -10:00','voice'),
	('a25f90f3-2157-4585-bbee-360367a2c1e8','http://initech.zendesk.com/api/v2/tickets/a25f90f3-2157-4585-bbee-360367a2c1e8.json','f4aa0ace-304d-4faf-88c5-c8c1c4dffff7','2016-02-22T03:53:00 -11:00','incident','A Drama in Mauritania','Elit cupidatat nulla irure amet consectetur. Exercitation veniam occaecat ipsum officia sit veniam occaecat qui sit ullamco.','urgent','hold',69,27,115,'California','Palau','Kentucky','North Carolina','false','2016-08-06T11:28:35 -10:00','chat'),
	('a28d5e97-ab21-44ef-b4c4-95105a75e184','http://initech.zendesk.com/api/v2/tickets/a28d5e97-ab21-44ef-b4c4-95105a75e184.json','4ffe4001-b7c8-4cb1-8659-962655f03c4e','2016-03-30T09:18:00 -11:00','question','A Nuisance in Chile','Nostrud duis officia proident mollit sunt Lorem. Laborum non ullamco est in eiusmod.','normal','open',61,52,122,'Alaska','Maryland','Iowa','North Dakota','true','2016-07-31T09:21:42 -10:00','voice'),
	('a7b16a5c-76d9-4e60-aadc-33653b828173','http://initech.zendesk.com/api/v2/tickets/a7b16a5c-76d9-4e60-aadc-33653b828173.json','c330acd5-26e0-4e99-b946-48b741225828','2016-04-10T03:31:51 -10:00','incident','A Problem in Saint Kitts and Nevis','Nisi consequat minim ea commodo occaecat eu labore veniam reprehenderit ea. Consequat labore quis do sit veniam laborum ut voluptate minim tempor consectetur.','normal','closed',54,47,124,'American Samoa','Northern Mariana Islands','Puerto Rico','Idaho','true','2016-08-10T02:03:21 -10:00','voice'),
	('ad49f154-2ceb-4052-9129-ddc6d4b7e479','http://initech.zendesk.com/api/v2/tickets/ad49f154-2ceb-4052-9129-ddc6d4b7e479.json','8a57c17a-c7bc-4b1c-bfad-eec83f4a791d','2016-05-17T08:32:44 -10:00','question','A Problem in Kyrgyzstan','Pariatur eu ipsum esse qui. Quis minim ea deserunt enim do cupidatat velit aliqua qui duis pariatur velit consectetur.','high','closed',3,31,118,'Georgia','Tennessee','Mississippi','Marshall Islands','true','2016-07-31T02:59:08 -10:00','voice'),
	('ae45041d-1bd0-4ed2-a298-ab2be3b0c7c7','http://initech.zendesk.com/api/v2/tickets/ae45041d-1bd0-4ed2-a298-ab2be3b0c7c7.json','7f19581d-3f4c-44ab-a809-3f1c45727471','2016-02-08T06:27:01 -11:00','problem','A Drama in Mayotte','Mollit eiusmod culpa cupidatat non exercitation deserunt cupidatat. Id ex do aliqua ad mollit magna exercitation adipisicing ullamco commodo.','urgent','open',16,26,115,'District Of Columbia','Wisconsin','Illinois','Fédératéd Statés Of Micronésia','false','2016-08-07T06:10:34 -10:00','chat'),
	('b07a8c20-2ee5-493b-9ebf-f6321b95966e','http://initech.zendesk.com/api/v2/tickets/b07a8c20-2ee5-493b-9ebf-f6321b95966e.json','ca4452fc-b24d-4e06-a752-b15ee3fc42bb','2016-03-21T11:18:13 -11:00','question','A Drama in Portugal','Laborum exercitation officia nulla in. Consequat et commodo fugiat velit magna sunt mollit.','low','hold',50,17,101,'Ohio','Pennsylvania','American Samoa','Northern Mariana Islands','true','2016-08-04T12:30:08 -10:00','web'),
	('b2035bdc-2ff4-4d23-9752-c5b67541193e','http://initech.zendesk.com/api/v2/tickets/b2035bdc-2ff4-4d23-9752-c5b67541193e.json','61ea6564-345e-4ba5-8a3e-299462f8cf2e','2016-06-26T01:12:46 -10:00','question','A Nuisance in Romania','Consectetur eiusmod velit id do ex in. Ipsum id dolor velit ut.','low','pending',39,25,106,'Connecticut','Arkansas','Missouri','Alabama','false','2016-08-01T05:42:00 -10:00','web'),
	('b2a40bfd-b8f5-4e00-b352-dd374ee6180c','http://initech.zendesk.com/api/v2/tickets/b2a40bfd-b8f5-4e00-b352-dd374ee6180c.json','701c4f81-24e7-40c6-90f6-d8653a305c00','2016-04-17T02:20:54 -10:00','task','A Nuisance in Anguilla','Et quis sint magna nisi adipisicing in minim elit. Ea eu minim cillum laboris ad pariatur elit ipsum cupidatat enim cupidatat anim sit quis.','normal','open',22,36,109,'Massachusetts','New York','Minnesota','New Jersey','true','2016-08-08T10:37:21 -10:00','voice'),
	('b4875dbc-c167-4625-a1e4-d14ed409c62c','http://initech.zendesk.com/api/v2/tickets/b4875dbc-c167-4625-a1e4-d14ed409c62c.json','0a8d9bab-b265-4801-8d64-ba6cba3df967','2016-04-22T12:55:29 -10:00','question','A Problem in Tonga','Proident est ea duis eiusmod. Deserunt laboris eu cupidatat culpa tempor aliquip eu.','urgent','open',73,31,113,'Michigan','Florida','Georgia','Tennessee','false','2016-08-06T07:41:47 -10:00','voice'),
	('b539a7db-1166-4537-9a5e-d2a97dd432bd','http://initech.zendesk.com/api/v2/tickets/b539a7db-1166-4537-9a5e-d2a97dd432bd.json','5150a02f-0aca-4db3-a1f7-91998df71794','2016-01-16T09:56:03 -11:00','task','A Catastrophe in Lesotho','Lorem laboris sunt ullamco laboris fugiat minim adipisicing nisi proident officia mollit sunt ipsum. Aliquip nulla mollit consequat non anim elit id nostrud mollit pariatur ut non.','low','solved',34,37,120,'Oregon','Arizona','Delaware','New Hampshire','true','2016-07-30T02:22:24 -10:00','chat'),
	('b776f78f-e3ac-4139-9a8f-6f905472f44d','http://initech.zendesk.com/api/v2/tickets/b776f78f-e3ac-4139-9a8f-6f905472f44d.json','32437120-7e6f-448b-b108-b659f244f1b5','2016-03-27T04:49:07 -11:00','task','A Nuisance in Virgin Islands (US)','Elit est consectetur deserunt velit magna non ea. Eiusmod minim proident ullamco est.','high','pending',28,73,111,'Washington','Wyoming','Ohio','Pennsylvania','true','2016-08-01T12:32:09 -10:00','voice'),
	('ba4feaec-47ac-483f-bc3d-2604f797e6f0','http://initech.zendesk.com/api/v2/tickets/ba4feaec-47ac-483f-bc3d-2604f797e6f0.json','7d9bc9e9-1be9-484c-9ece-72adc9f94272','2016-03-10T05:32:06 -11:00','question','A Catastrophe in Belize','Aliquip ipsum enim ullamco eu ipsum mollit laborum sit fugiat ad ullamco. Duis non in excepteur est non commodo incididunt proident velit.','high','open',54,24,124,'Washington','Wyoming','Ohio','Pennsylvania','true','2016-08-14T08:34:02 -10:00','chat'),
	('bb6b2b5b-d58e-4c05-99a8-0d7cf2792acb','http://initech.zendesk.com/api/v2/tickets/bb6b2b5b-d58e-4c05-99a8-0d7cf2792acb.json','a1691467-edb9-40be-8bdb-f7327868a6ca','2016-02-08T05:30:09 -11:00','incident','A Catastrophe in Cook Islands','Irure deserunt do ullamco et duis amet non nostrud ut nostrud dolore pariatur aliqua. Sunt nulla commodo duis sint proident elit esse ullamco esse sunt consequat.','urgent','solved',23,69,117,'Texas','Nevada','Oregon','Arizona','false','2016-08-06T04:22:29 -10:00','web'),
	('bb8b1829-25d9-4534-83a2-c4e6086d76d4','http://initech.zendesk.com/api/v2/tickets/bb8b1829-25d9-4534-83a2-c4e6086d76d4.json','31873f4e-e39c-404d-9843-ad600fa93228','2016-03-20T11:08:16 -11:00','task','A Problem in Japan','Ea eiusmod minim veniam consequat et proident dolor quis fugiat esse aute eu ea sit. Eu anim qui reprehenderit aute in dolore nostrud sint incididunt.','high','closed',51,42,102,'Texas','Nevada','Oregon','Arizona','false','2016-08-03T05:35:34 -10:00','voice'),
	('bbcb11e8-efa1-48e7-b06a-da9cf54afe69','http://initech.zendesk.com/api/v2/tickets/bbcb11e8-efa1-48e7-b06a-da9cf54afe69.json','99f0b35a-7ba6-41be-9b36-cee255c35463','2016-06-23T03:28:52 -10:00','problem','A Catastrophe in Christmas Island','Officia dolor sint minim id labore voluptate quis minim ex proident nostrud quis. Eu voluptate id pariatur eu magna consectetur duis voluptate labore occaecat consequat sunt qui.','low','hold',65,70,115,'Kentucky','North Carolina','South Carolina','Indiana','true','2016-08-18T11:17:19 -10:00','web'),
	('be0f613a-e7f7-4833-9342-643b0d9b9fca','http://initech.zendesk.com/api/v2/tickets/be0f613a-e7f7-4833-9342-643b0d9b9fca.json','bd668495-dfd1-4d47-a68d-364d5176753a','2016-03-13T10:19:40 -11:00','problem','A Drama in Cayman Islands','Anim anim exercitation magna esse minim labore reprehenderit. Veniam elit magna excepteur deserunt et labore non aliqua sunt quis.','normal','solved',12,65,123,'South Dakota','Montana','District Of Columbia','Wisconsin','true','2016-08-11T03:56:39 -10:00','web'),
	('c08537d2-116d-45ff-a6d0-60c1a7d4778f','http://initech.zendesk.com/api/v2/tickets/c08537d2-116d-45ff-a6d0-60c1a7d4778f.json','0f534118-467e-438f-9cfd-fad0fe4a0b1e','2016-05-15T01:23:37 -10:00','task','A Drama in British Indian Ocean Territory','Ut in minim ea ipsum anim nostrud in et aliqua. Magna est tempor sit do deserunt nostrud non fugiat Lorem officia Lorem dolore ullamco.','normal','pending',65,64,113,'Mississippi','Marshall Islands','South Dakota','Montana','true','2016-08-06T07:35:44 -10:00','chat'),
	('c22aaced-7faa-4b5c-99e5-1a209500ff16','http://initech.zendesk.com/api/v2/tickets/c22aaced-7faa-4b5c-99e5-1a209500ff16.json','b17a9d1b-bc80-4262-a387-bb4f4209d7e2','2016-07-11T08:52:25 -10:00','incident','A Problem in Ethiopia','Esse anim nisi nostrud est. Mollit in nisi reprehenderit proident do commodo voluptate veniam voluptate.','low','hold',55,55,101,'Minnesota','New Jersey','Texas','Nevada','true','2016-08-06T09:22:54 -10:00','web'),
	('c45893d9-17c2-43b0-8800-a5f8201aff93','http://initech.zendesk.com/api/v2/tickets/c45893d9-17c2-43b0-8800-a5f8201aff93.json','f33b8c0c-d1ea-48f1-b111-79e81457ff63','2016-05-08T05:42:21 -10:00','problem','A Nuisance in Bhutan','Incididunt cillum aute ex aute eu magna dolore irure esse est magna esse. Ad sunt elit pariatur mollit quis velit.','urgent','hold',64,26,122,'Texas','Nevada','Oregon','Arizona','true','2016-08-11T01:24:40 -10:00','web'),
	('c48bf827-fc45-4158-b7ce-70784509f562','http://initech.zendesk.com/api/v2/tickets/c48bf827-fc45-4158-b7ce-70784509f562.json','66f6ab11-16b1-4803-818d-b59057b02fb3','2016-05-18T12:13:28 -10:00','incident','A Catastrophe in New Zealand','Nisi minim sint commodo eu cupidatat amet in aute voluptate laboris. Quis id nostrud sunt ex sunt.','low','solved',12,55,117,'Georgia','Tennessee','Mississippi','Marshall Islands','false','2016-08-18T11:38:49 -10:00','chat'),
	('c496e355-4400-4baa-b8ca-bb2edd270c43','http://initech.zendesk.com/api/v2/tickets/c496e355-4400-4baa-b8ca-bb2edd270c43.json','4cc40f31-ddd0-4324-ada8-f298531833db','2016-02-26T06:45:12 -11:00','incident','A Catastrophe in Moldova','Laboris dolor aliquip adipisicing nisi amet aliqua non reprehenderit cupidatat nulla. Anim aute do cillum occaecat irure minim enim anim cupidatat incididunt proident exercitation nulla.','urgent','hold',3,33,110,'Oregon','Arizona','Delaware','New Hampshire','true','2016-08-12T06:24:57 -10:00','voice'),
	('c527e065-ec62-40ed-aa72-136f5ab0eb89','http://initech.zendesk.com/api/v2/tickets/c527e065-ec62-40ed-aa72-136f5ab0eb89.json','cf722acf-35c2-40a2-9b65-c193efb9baa8','2016-02-19T07:11:16 -11:00','question','A Catastrophe in France','Mollit velit mollit irure est ea dolor ipsum aliqua nostrud laborum sint sunt. Irure quis mollit nisi et deserunt sunt dolore velit sunt.','high','hold',25,30,121,'California','Palau','Kentucky','North Carolina','false','2016-08-06T04:15:59 -10:00','chat'),
	('c68cb7d7-b517-4d0b-a826-9605423e78c2','http://initech.zendesk.com/api/v2/tickets/c68cb7d7-b517-4d0b-a826-9605423e78c2.json','4050fefa-f86f-4254-8ee3-dee3e534ab12','2016-03-09T01:39:48 -11:00','task','A Problem in Western Sahara','Aute pariatur tempor ut consequat duis adipisicing sit in. Veniam ut incididunt mollit sit sit pariatur ad sit sint ad.','high','solved',61,NULL,120,'Massachusetts','New York','Minnesota','New Jersey','false','2016-08-14T08:16:12 -10:00','chat'),
	('c6c851a6-fbe6-4736-a465-6f1859a511dd','http://initech.zendesk.com/api/v2/tickets/c6c851a6-fbe6-4736-a465-6f1859a511dd.json','c2af6ba4-ecaa-4dfc-b497-41961595a8ee','2016-05-12T04:42:00 -10:00','question','A Drama in Monaco','Cupidatat culpa minim ea aute ea ex ipsum adipisicing minim nostrud adipisicing incididunt id. Cupidatat tempor anim sunt cupidatat eiusmod laboris aliqua esse in officia ullamco nostrud.','urgent','solved',21,73,104,'Ohio','Pennsylvania','American Samoa','Northern Mariana Islands','false','2016-08-12T10:07:34 -10:00','chat'),
	('c702e937-5f2d-4d34-878a-fcb7d1ddf6aa','http://initech.zendesk.com/api/v2/tickets/c702e937-5f2d-4d34-878a-fcb7d1ddf6aa.json','5e349072-774b-4c77-ba63-61bca77c82ff','2016-05-25T12:48:45 -10:00','question','A Drama in Zimbabwe','Nostrud elit et minim ex adipisicing. Deserunt nostrud sint veniam voluptate in laborum officia incididunt mollit culpa do veniam eiusmod ipsum.','low','pending',38,46,106,'Oklahoma','Louisiana','Massachusetts','New York','true','2016-08-15T08:34:44 -10:00','web'),
	('c71606b7-42f1-4390-8549-dfd87707969b','http://initech.zendesk.com/api/v2/tickets/c71606b7-42f1-4390-8549-dfd87707969b.json','197a6890-e523-4cdf-bb63-1701b58364ea','2016-06-23T05:02:27 -10:00','question','A Drama in United Arab Emirates','Reprehenderit laborum eu ullamco est nisi quis ullamco fugiat. Duis adipisicing dolore eiusmod sit officia anim sit commodo in sint.','low','hold',50,35,121,'American Samoa','Northern Mariana Islands','Puerto Rico','Idaho','false','2016-08-14T12:00:35 -10:00','voice'),
	('c73a0be5-e967-4948-b0a4-eff98d1a43ad','http://initech.zendesk.com/api/v2/tickets/c73a0be5-e967-4948-b0a4-eff98d1a43ad.json','97e1ea8e-356c-48ea-9ad6-dc4c9f1843da','2016-06-12T09:32:30 -10:00','problem','A Catastrophe in Maldives','Commodo ex dolore ipsum consequat id enim voluptate. Cillum commodo minim qui tempor ullamco exercitation.','high','open',36,34,122,'Virginia','Virgin Islands','Maine','West Virginia','false','2016-08-16T11:12:43 -10:00','web'),
	('cb304286-7064-4509-813e-edc36d57623d','http://initech.zendesk.com/api/v2/tickets/cb304286-7064-4509-813e-edc36d57623d.json','df00b850-ca27-4d9a-a91a-d5b8d130a79f','2016-03-30T11:43:24 -11:00','task','A Nuisance in Saint Lucia','Nostrud veniam eiusmod reprehenderit adipisicing proident aliquip. Deserunt irure deserunt ea nulla cillum ad.','urgent','pending',1,11,106,'Missouri','Alabama','Virginia','Virgin Islands','false','2016-08-03T04:44:08 -10:00','chat'),
	('cb3b726e-9ba0-4e35-b4d6-ee41c29a7185','http://initech.zendesk.com/api/v2/tickets/cb3b726e-9ba0-4e35-b4d6-ee41c29a7185.json','19376875-49a7-4540-847b-b25f093b1635','2016-05-03T02:44:43 -10:00','incident','A Problem in Mozambique','Consectetur deserunt aliquip sint voluptate duis. Nostrud laborum et aliquip amet labore quis.','urgent','closed',64,32,112,'Iowa','North Dakota','California','Palau','true','2016-08-04T12:30:25 -10:00','chat'),
	('cb7cae87-2915-44d4-bda4-4ccb59c63bd4','http://initech.zendesk.com/api/v2/tickets/cb7cae87-2915-44d4-bda4-4ccb59c63bd4.json','7e365e09-ca96-440c-b58c-e9cd718c571d','2016-02-15T08:26:42 -11:00','incident','A Drama in S. Georgia and S. Sandwich Isls.','Incididunt dolor ullamco nisi pariatur sint nostrud magna id quis sint ea. Laborum ipsum qui commodo nostrud dolore occaecat ad exercitation commodo officia occaecat adipisicing.','low','hold',37,35,109,'Rhode Island','Kansas','Guam','Colorado','false','2016-08-08T05:51:11 -10:00','voice'),
	('cc3694e5-ea5f-40a0-9eb7-e12ee2917c8a','http://initech.zendesk.com/api/v2/tickets/cc3694e5-ea5f-40a0-9eb7-e12ee2917c8a.json','3e4afbec-ed14-4935-9b55-00ddac578869','2016-01-13T01:19:45 -11:00','problem','A Drama in Qatar','Incididunt amet sunt ut consectetur adipisicing elit magna eiusmod reprehenderit cupidatat anim. Labore tempor aliquip cillum et pariatur.','high','closed',44,28,117,'Connecticut','Arkansas','Missouri','Alabama','true','2016-08-02T12:18:31 -10:00','chat'),
	('ccf4c82c-f572-4fd2-82a6-11d6055929b8','http://initech.zendesk.com/api/v2/tickets/ccf4c82c-f572-4fd2-82a6-11d6055929b8.json','badc534c-9f11-45a9-93f2-509b86ed31fa','2016-01-20T12:45:55 -11:00','problem','A Catastrophe in Lebanon','Nisi elit minim excepteur qui. Non incididunt culpa dolor nostrud est ullamco sunt elit duis amet anim.','high','hold',35,52,110,'Ohio','Pennsylvania','American Samoa','Northern Mariana Islands','true','2016-08-14T10:58:25 -10:00','chat'),
	('cdc9926f-e44a-4530-af17-903cf2fa3cdf','http://initech.zendesk.com/api/v2/tickets/cdc9926f-e44a-4530-af17-903cf2fa3cdf.json','b00b3bd7-43f4-4827-a7ce-a2678d9862da','2016-02-02T09:05:59 -11:00','problem','A Catastrophe in Rwanda','Culpa proident proident exercitation ad do enim non in consequat nulla labore occaecat do. Sint consectetur ipsum duis laboris eu quis magna qui reprehenderit consequat cupidatat anim irure.','normal','pending',14,17,123,'Iowa','North Dakota','California','Palau','true','2016-08-15T09:19:45 -10:00','web'),
	('cf0d4a27-0dcb-49a9-a4fd-beec25742799','http://initech.zendesk.com/api/v2/tickets/cf0d4a27-0dcb-49a9-a4fd-beec25742799.json','ead06854-bc7d-48e7-aec3-8e0884ab5e30','2016-05-25T07:34:21 -10:00','task','A Catastrophe in Brazil','Est eu do deserunt adipisicing culpa in. Laboris sit sint magna fugiat tempor.','normal','solved',40,23,122,'Utah','Hawaii','Alaska','Maryland','true','2016-08-22T02:29:10 -10:00','voice'),
	('d0f5ea36-a319-4c6d-a831-32b9a2b4a010','http://initech.zendesk.com/api/v2/tickets/d0f5ea36-a319-4c6d-a831-32b9a2b4a010.json','c5310224-d290-477e-9f49-2f8346fd568f','2016-03-13T03:32:53 -11:00','problem','A Problem in United Kingdom','Ex commodo excepteur Lorem exercitation enim magna pariatur. Excepteur esse ad non adipisicing sint laboris non officia occaecat sint.','normal','hold',67,7,117,'Iowa','North Dakota','California','Palau','true','2016-08-13T03:54:31 -10:00','web'),
	('d318011c-5325-4d48-9766-953fd16a44a7','http://initech.zendesk.com/api/v2/tickets/d318011c-5325-4d48-9766-953fd16a44a7.json','42d60a9f-d934-4658-b21c-43d32f159152','2016-04-17T04:24:39 -10:00','problem','A Problem in Norway','Sint Lorem dolor ex consequat minim labore voluptate. Ad aliquip ullamco veniam non cupidatat minim ut.','low','solved',58,44,116,'Alaska','Maryland','Iowa','North Dakota','false','2016-08-01T06:08:22 -10:00','chat'),
	('d4c901be-7094-4f65-8a9b-43df949d5344','http://initech.zendesk.com/api/v2/tickets/d4c901be-7094-4f65-8a9b-43df949d5344.json','6446d98d-4b18-4057-8669-28ec303487c4','2016-02-27T04:42:56 -11:00','problem','A Catastrophe in Palau','Laboris sit minim voluptate do veniam non pariatur consequat laboris ipsum culpa eu ipsum sunt. Ex officia in Lorem in nulla laboris cillum adipisicing id culpa labore qui aliqua.','high','solved',28,39,103,'Michigan','Florida','Georgia','Tennessee','false','2016-08-17T11:16:15 -10:00','voice'),
	('d546aa72-01ce-48cf-a24d-3b1577271791','http://initech.zendesk.com/api/v2/tickets/d546aa72-01ce-48cf-a24d-3b1577271791.json','e1faca45-f437-41c9-a10d-7cef0036b573','2016-06-19T06:37:51 -10:00','question','A Nuisance in Sweden','Sint aute qui culpa do. Eiusmod duis eiusmod elit irure ut ea nostrud cupidatat aliqua in.','high','hold',41,6,107,'Kentucky','North Carolina','South Carolina','Indiana','true','2016-07-31T09:27:17 -10:00','voice'),
	('d8cf9df6-946c-4371-9e3d-50b83fa4238e','http://initech.zendesk.com/api/v2/tickets/d8cf9df6-946c-4371-9e3d-50b83fa4238e.json','e424507b-741b-4c3f-9ad5-811250c01880','2016-04-03T09:49:35 -10:00','question','A Catastrophe in Cuba','Ex Lorem nostrud nulla Lorem sunt fugiat duis magna irure adipisicing ea non. Velit eiusmod laborum aliquip ea velit amet veniam mollit mollit laborum aliqua officia.','urgent','solved',39,59,115,'Minnesota','New Jersey','Texas','Nevada','true','2016-08-02T01:04:04 -10:00','chat'),
	('d9448e74-4a7d-45c5-9548-8b4fee714b29','http://initech.zendesk.com/api/v2/tickets/d9448e74-4a7d-45c5-9548-8b4fee714b29.json','69bb115f-5bca-4cb4-a112-4dbb139ba43d','2016-04-09T07:56:36 -10:00','problem','A Nuisance in Honduras','Cupidatat est sit ex anim aliquip quis id. Fugiat ex pariatur veniam quis enim aliqua.','low','closed',18,30,125,'Illinois','Fédératéd Statés Of Micronésia','Rhode Island','Kansas','false','2016-08-11T03:07:20 -10:00','voice'),
	('dae7a200-89b8-4a43-a17d-93c8f33a2aaa','http://initech.zendesk.com/api/v2/tickets/dae7a200-89b8-4a43-a17d-93c8f33a2aaa.json','ada97f02-61f7-4fdf-b6b5-ae2c741259ef','2016-02-06T03:56:09 -11:00','task','A Problem in Ukraine','Consequat labore sunt duis proident commodo ut ex amet occaecat ut nisi fugiat. Incididunt laboris minim laboris aute excepteur veniam do excepteur duis ipsum aute duis.','high','hold',59,63,125,'California','Palau','Kentucky','North Carolina','true','2016-08-21T03:47:18 -10:00','web'),
	('daf8d797-3d09-4c93-9f3b-a642b63ded99','http://initech.zendesk.com/api/v2/tickets/daf8d797-3d09-4c93-9f3b-a642b63ded99.json','93218b46-fbfc-47ac-8695-55bbc309e1a9','2016-03-19T09:00:31 -11:00','question','A Catastrophe in San Marino','Qui veniam commodo deserunt pariatur. Anim tempor laborum nulla magna irure ex officia nostrud incididunt ut proident fugiat.','normal','solved',73,50,119,'District Of Columbia','Wisconsin','Illinois','Fédératéd Statés Of Micronésia','true','2016-08-02T04:31:48 -10:00','chat'),
	('dcb9143e-cb17-49ea-a9be-abf6989bd2d4','http://initech.zendesk.com/api/v2/tickets/dcb9143e-cb17-49ea-a9be-abf6989bd2d4.json','4ced6b98-57f5-44b1-83d2-18dd58ff68c1','2016-06-10T05:46:41 -10:00','task','A Problem in Svalbard and Jan Mayen Islands','Labore cupidatat qui officia in deserunt esse nostrud nisi laborum qui. Velit sit irure sit qui amet officia pariatur elit in tempor irure.','normal','closed',75,2,108,'Texas','Nevada','Oregon','Arizona','false','2016-08-15T07:32:57 -10:00','voice'),
	('dd2ed540-0720-4f2b-bb76-dbcb2c0ca25b','http://initech.zendesk.com/api/v2/tickets/dd2ed540-0720-4f2b-bb76-dbcb2c0ca25b.json','f07206ed-c3d8-44b4-b081-f6b6b92a9052','2016-07-06T06:49:31 -10:00','problem','A Catastrophe in Benin','Aute laborum reprehenderit sunt ipsum in Lorem amet occaecat velit exercitation non ipsum. Do qui quis eiusmod minim irure.','low','closed',9,35,104,'Delaware','New Hampshire','Utah','Hawaii','true','2016-08-20T03:35:32 -10:00','chat'),
	('de70eb6b-0717-40f9-9322-75f1262cda12','http://initech.zendesk.com/api/v2/tickets/de70eb6b-0717-40f9-9322-75f1262cda12.json','0eef75e0-dc0a-405e-a27c-1b52b2572666','2016-01-31T10:26:16 -11:00','incident','A Drama in Saudi Arabia','Ullamco eiusmod nisi fugiat velit excepteur ea dolor proident ipsum nostrud mollit officia labore. Anim ex adipisicing ex sunt Lorem velit.','normal','solved',66,5,107,'Rhode Island','Kansas','Guam','Colorado','true','2016-08-13T08:20:15 -10:00','web'),
	('de845e37-6082-4c5b-a1f5-1645cedf09f0','http://initech.zendesk.com/api/v2/tickets/de845e37-6082-4c5b-a1f5-1645cedf09f0.json','85f90ff5-c769-446c-8e65-43b98c18cf96','2016-06-04T05:40:56 -10:00','task','A Catastrophe in Jordan','Elit ipsum in consequat pariatur do adipisicing aliqua dolor consectetur Lorem et. Ad minim voluptate irure culpa culpa irure dolore nisi.','high','pending',18,50,105,'Maine','West Virginia','Michigan','Florida','true','2016-08-10T11:38:58 -10:00','web'),
	('ded8a85b-3d18-4b21-ad77-e7ded3d09dcf','http://initech.zendesk.com/api/v2/tickets/ded8a85b-3d18-4b21-ad77-e7ded3d09dcf.json','4ec22934-4aa7-454c-8162-fa578c7211d9','2016-04-23T11:14:42 -10:00','question','A Drama in Uruguay','Ut labore nulla minim non excepteur ex consequat do commodo cupidatat est eu eu esse. Ad voluptate do sint id velit exercitation Lorem.','high','pending',4,68,120,'Oklahoma','Louisiana','Massachusetts','New York','false','2016-08-18T10:51:32 -10:00','voice'),
	('df1a642a-e704-4556-af79-98a63b59401d','http://initech.zendesk.com/api/v2/tickets/df1a642a-e704-4556-af79-98a63b59401d.json','e1bec57b-7fb7-4756-9e60-795062ddcffe','2016-06-13T04:59:19 -10:00','question','A Nuisance in Eritrea','Laborum aliqua et amet cillum veniam tempor esse. Voluptate minim tempor dolor amet dolore consequat elit tempor excepteur.','normal','open',67,50,102,'South Dakota','Montana','District Of Columbia','Wisconsin','false','2016-08-18T08:00:29 -10:00','chat'),
	('e0e5ab4a-a776-40ec-8768-64d83a342d82','http://initech.zendesk.com/api/v2/tickets/e0e5ab4a-a776-40ec-8768-64d83a342d82.json','092670b8-a599-4bf6-80ff-772130f8dc3e','2016-07-26T03:22:46 -10:00','task','A Drama in Albania','Minim minim anim reprehenderit mollit adipisicing consequat ipsum tempor consequat culpa dolor. Commodo consequat quis minim cillum ipsum deserunt eiusmod dolor proident ad.','high','open',70,54,104,'South Carolina','Indiana','New Mexico','Nebraska','false','2016-08-01T11:56:25 -10:00','web'),
	('e23bf143-c5a3-4482-aff4-67df77f87d24','http://initech.zendesk.com/api/v2/tickets/e23bf143-c5a3-4482-aff4-67df77f87d24.json','65d8151e-1d4c-4a9d-aa3b-25a9c59e2db6','2016-03-08T01:03:02 -11:00','problem','A Catastrophe in Belarus','Pariatur reprehenderit proident ea ipsum qui. Duis commodo dolore tempor non excepteur sint mollit sit et.','urgent','pending',51,19,120,'Oklahoma','Louisiana','Massachusetts','New York','false','2016-07-31T12:47:31 -10:00','web'),
	('e33110bb-fd7b-4983-987a-4172a9e24919','http://initech.zendesk.com/api/v2/tickets/e33110bb-fd7b-4983-987a-4172a9e24919.json','8b12ee7a-9b59-4b84-af4e-6f2682bcdddf','2016-03-14T01:50:07 -11:00','problem','A Catastrophe in US Minor Outlying Islands','Nisi Lorem labore cillum laborum dolor voluptate incididunt. Cupidatat aliqua in mollit adipisicing ullamco qui do fugiat.','high','closed',29,49,122,'Georgia','Tennessee','Mississippi','Marshall Islands','false','2016-08-05T07:03:16 -10:00','web'),
	('e34262a7-df37-4715-a482-fb0acb5d0b46','http://initech.zendesk.com/api/v2/tickets/e34262a7-df37-4715-a482-fb0acb5d0b46.json','473e3131-7815-4f85-a3f9-ddf54d137ddb','2016-05-16T08:07:14 -10:00','incident','A Drama in Mongolia','Mollit commodo ad anim sint amet ipsum adipisicing adipisicing ex esse non aliqua. Id ad cillum ut ut ex.','low','open',20,73,106,'Şouth Carolina','Indiana','New Mexico','Nebraska','true','2016-08-07T12:00:03 -10:00','voice'),
	('e68d8bfd-9826-42fd-9692-add445aa7430','http://initech.zendesk.com/api/v2/tickets/e68d8bfd-9826-42fd-9692-add445aa7430.json','82c58b0f-9958-4af6-b17c-5c23185ef0f9','2016-06-30T06:59:04 -10:00','question','A Catastrophe in Falkland Islands (Malvinas)','Aute eiusmod nostrud cillum fugiat labore nulla laborum excepteur nostrud eiusmod. Sunt eu irure fugiat nulla cupidatat dolore anim dolore.','normal','pending',17,NULL,NULL,'Georgia','Tennessee','Mississippi','Marshall Islands','false','2016-08-13T02:51:04 -10:00','voice'),
	('e75e6904-6536-43ea-9081-1c9f787f8682','http://initech.zendesk.com/api/v2/tickets/e75e6904-6536-43ea-9081-1c9f787f8682.json','d2d2bcdf-fc03-44b5-8fde-b093559f6695','2016-03-01T03:50:31 -11:00','task','A Problem in French Southern Territories','Mollit pariatur veniam quis qui veniam officia pariatur ullamco dolor esse cupidatat pariatur adipisicing. Cillum mollit cupidatat velit laborum do ut mollit.','high','pending',74,3,116,'Kentucky','North Carolina','South Carolina','Indiana','true','2016-08-04T09:28:48 -10:00','chat'),
	('e804d348-2317-43b2-882a-b29d1a8acc94','http://initech.zendesk.com/api/v2/tickets/e804d348-2317-43b2-882a-b29d1a8acc94.json','93b1c5a2-3811-464e-9091-77432a8599fc','2016-07-05T07:25:54 -10:00','problem','A Nuisance in Grenada','Sunt do mollit deserunt do fugiat. Id Lorem voluptate officia do.','urgent','solved',35,59,113,'South Dakota','Montana','District Of Columbia','Wisconsin','false','2016-08-06T03:25:46 -10:00','chat'),
	('ea69e0c0-d1b8-462e-a654-b571666e6253','http://initech.zendesk.com/api/v2/tickets/ea69e0c0-d1b8-462e-a654-b571666e6253.json','b2fc2c2b-f514-4e86-bc20-09b17de939b8','2016-05-07T04:41:10 -10:00','task','A Drama in Martinique','Aliqua sit qui ex velit. Velit quis mollit laborum exercitation in velit dolore.','normal','pending',67,19,102,'Alaska','Maryland','Iowa','North Dakota','false','2016-08-05T04:08:02 -10:00','voice'),
	('ea9f4344-ed67-4b7c-afae-dd4c1778b5be','http://initech.zendesk.com/api/v2/tickets/ea9f4344-ed67-4b7c-afae-dd4c1778b5be.json','75a90249-7671-4743-aa4b-7793047ffff5','2016-05-19T12:38:19 -10:00','problem','A Nuisance in Vanuatu','Deserunt consectetur culpa aliqua ipsum eiusmod voluptate. Incididunt pariatur excepteur laborum et pariatur enim nostrud anim ullamco aute amet magna exercitation nisi.','normal','closed',43,74,114,'Guam','Colorado','Washington','Wyoming','true','2016-08-06T05:55:07 -10:00','voice'),
	('eb169da9-43f9-471e-97de-5f3f424e819f','http://initech.zendesk.com/api/v2/tickets/eb169da9-43f9-471e-97de-5f3f424e819f.json','12a455f6-559e-458c-8f7d-93b673593b16','2016-01-15T11:55:22 -11:00','problem','A Problem in Malaysia','Nisi aliqua consectetur adipisicing eu duis veniam irure. Mollit deserunt labore occaecat incididunt irure dolor nisi tempor irure.','normal','solved',26,22,103,'South Carolina','Indiana','New Mexico','Nebraska','false','2016-08-23T07:11:18 -10:00','web'),
	('eba628f6-5c97-4f4e-b39d-fb78850661df','http://initech.zendesk.com/api/v2/tickets/eba628f6-5c97-4f4e-b39d-fb78850661df.json','73229cee-d03d-4134-8e73-b509cc434a05','2016-05-22T10:47:17 -10:00','task','A Problem in Brunei Darussalam','Sit nisi aute quis ut nostrud veniam occaecat quis ut cillum Lorem anim nostrud. Ad elit aliqua adipisicing aute ad nulla enim exercitation minim anim eiusmod.','urgent','closed',31,70,123,'Michigan','Florida','Georgia','Tennessee','true','2016-08-21T07:57:25 -10:00','voice'),
	('ec987652-c323-4368-899d-f3c357ff4b87','http://initech.zendesk.com/api/v2/tickets/ec987652-c323-4368-899d-f3c357ff4b87.json','65a97e71-d859-400c-8051-12b22214255b','2016-05-02T12:31:05 -10:00','question','A Nuisance in Suriname','Quis sit nulla culpa mollit commodo cupidatat do proident elit ea ea. Et dolore duis consectetur exercitation aliqua.','high','closed',27,39,119,'Rhodé Island','Kansas','Guam','Colorado','false','2016-08-05T12:38:00 -10:00','chat'),
	('ed3432e1-8cb7-40a1-be6a-6f69cbc911f1','http://initech.zendesk.com/api/v2/tickets/ed3432e1-8cb7-40a1-be6a-6f69cbc911f1.json','038c83ec-5bf2-4c12-87fa-861fdebfc057','2016-05-02T05:45:35 -10:00','task','A Drama in Viet Nam','Dolor in deserunt ad ad ut et anim veniam est nostrud labore do sit reprehenderit. Ea consequat veniam sit fugiat ut est tempor qui dolore reprehenderit magna aliquip cupidatat in.','normal','solved',31,70,125,'Ohio','Pennsylvania','American Samoa','Northern Mariana Islands','true','2016-07-30T08:15:42 -10:00','voice'),
	('efda0e9f-f8a5-408e-bcf0-9c5665aa5931','http://initech.zendesk.com/api/v2/tickets/efda0e9f-f8a5-408e-bcf0-9c5665aa5931.json','b0587479-4ebe-43d4-8ed4-24a834d2d480','2016-05-04T12:34:13 -10:00','problem','A Nuisance in Andorra','Ad incididunt dolore nisi proident labore laboris incididunt reprehenderit nulla. Enim proident veniam sunt do.','normal','pending',69,36,109,'New Mexico','Nebraska','Connecticut','Arkansas','true','2016-08-09T01:54:41 -10:00','voice'),
	('f1fafe1e-6328-4c51-970b-fc743917ce4e','http://initech.zendesk.com/api/v2/tickets/f1fafe1e-6328-4c51-970b-fc743917ce4e.json','d3607413-963f-40c2-bdcc-80b2be9a3743','2016-01-13T11:04:00 -11:00','problem','A Drama in Cameroon','Duis in sit ipsum consequat ullamco id cillum fugiat. Amet excepteur proident labore culpa sit in aliqua ea velit.','low','hold',22,5,106,'Iowa','North Dakota','California','Palau','true','2016-08-20T07:04:13 -10:00','chat'),
	('f21a653e-6576-4cc8-a848-70d1f9ab5d1c','http://initech.zendesk.com/api/v2/tickets/f21a653e-6576-4cc8-a848-70d1f9ab5d1c.json','88be5d34-8994-48d8-8cec-a451331d8426','2016-06-05T04:22:20 -10:00','task','A Nuisance in Slovenia','In nulla nulla ex tempor nisi aute nisi ad aliqua ea sunt quis culpa culpa. Aliquip minim nisi elit eu sunt laboris deserunt eiusmod incididunt incididunt in pariatur.','low','pending',13,52,123,'Michigan','Florida','Georgia','Tennessee','false','2016-08-04T03:49:58 -10:00','voice'),
	('f2379173-6083-49f9-a001-8310f6478b4e','http://initech.zendesk.com/api/v2/tickets/f2379173-6083-49f9-a001-8310f6478b4e.json','6dbf9213-b2bb-49a3-9fa3-2cad6fb0a1d1','2016-01-27T03:45:05 -11:00','task','A Catastrophe in Bahrain','In laboris adipisicing Lorem velit ullamco magna nostrud sunt tempor magna. Culpa est cillum ex adipisicing excepteur cillum reprehenderit.','low','hold',42,8,NULL,'Maine','West Virginia','Michigan','Florida','false','2016-08-08T03:54:14 -10:00','chat'),
	('f3cc4dc6-3517-474b-b212-b82fdaa0800d','http://initech.zendesk.com/api/v2/tickets/f3cc4dc6-3517-474b-b212-b82fdaa0800d.json','ac0adb5d-f270-456d-87a3-8e5fa7c6f34f','2016-02-04T04:52:04 -11:00','task','A Catastrophe in Laos','Sunt ea do eu quis aliqua et ex ex aliquip amet excepteur est ipsum minim. Irure Lorem excepteur Lorem ullamco ea enim fugiat magna mollit.','high','closed',8,35,123,'Illinois','Fédératéd Statés Of Micronésia','Rhode Island','Kansas','true','2016-07-30T12:31:51 -10:00','voice'),
	('f75ef2ed-da4f-417c-b164-3dd2c9c8f87c','http://initech.zendesk.com/api/v2/tickets/f75ef2ed-da4f-417c-b164-3dd2c9c8f87c.json','cfaaf36a-eeec-4dfa-bf04-e6a8e65eb163','2016-03-29T10:53:31 -11:00','question','A Nuisance in Uganda','Dolore culpa dolore quis incididunt sunt ea adipisicing deserunt dolore. Lorem nisi enim fugiat aute qui incididunt aliqua.','normal','closed',3,43,122,'Virginia','Virgin Islands','Maine','West Virginia','false','2016-08-04T07:53:50 -10:00','web'),
	('fa3a37e3-942e-4048-81bc-d0d7e79cb686','http://initech.zendesk.com/api/v2/tickets/fa3a37e3-942e-4048-81bc-d0d7e79cb686.json','aee108c9-84a7-41b7-a07a-0bdd5ebf2410','2016-05-21T03:40:33 -10:00','question','A Drama in France, Metropolitan','Eiusmod officia aliquip pariatur sint. In anim tempor occaecat velit veniam adipisicing velit voluptate.','low','open',36,67,109,'Delaware','New Hampshire','Utah','Hawaii','true','2016-08-08T07:47:20 -10:00','web'),
	('fc5a8a70-3814-4b17-a6e9-583936fca909','http://initech.zendesk.com/api/v2/tickets/fc5a8a70-3814-4b17-a6e9-583936fca909.json','e8cab26b-f3b9-4016-875c-b0d9a258761b','2016-07-08T07:57:15 -10:00','problem','A Nuisance in Kiribati','Ipsum reprehenderit non ea officia labore aute. Qui sit aliquip ipsum nostrud anim qui pariatur ut anim aliqua non aliqua.','high','open',1,19,120,'Minnesota','New Jersey','Texas','Nevada','true',NULL,'voice'),
	('fd26f66a-5688-43ad-8890-c3d65f84c6c0','http://initech.zendesk.com/api/v2/tickets/fd26f66a-5688-43ad-8890-c3d65f84c6c0.json','e03b33c7-be99-43c5-bdd8-8abd7652d9e1','2016-07-17T07:47:47 -10:00','problem','A Drama in Kazakhstan','Aliqua et consectetur ea aute. Cillum sint in deserunt duis eu.','high','pending',4,68,122,'Illinois','Fédératéd Statés Of Micronésia','Rhode Island','Kansas','false','2016-08-02T06:57:19 -10:00','chat'),
	('ffe688cd-402f-4e37-8597-88b3811bbf46','http://initech.zendesk.com/api/v2/tickets/ffe688cd-402f-4e37-8597-88b3811bbf46.json','a264d753-d2c3-4f50-ba8f-299bf8070f67','2016-02-03T05:47:00 -11:00','question','A Problem in Vatican City Ştate (Holy See)','Ullamco enim id proident cillum tempor fugiat consequat non enim ad. Consectetur nostrud consequat deserunt consequat sit deserunt cillum esse eu ut fugiat.','urgent','open',44,29,104,'District Of Columbia','Wisconsin','Illinois','Fédératéd Statés Of Micronésia','false','2016-08-06T07:28:38 -10:00','web');

/*!40000 ALTER TABLE `ticket` ENABLE KEYS */;
UNLOCK TABLES;


# Dump of table user
# ------------------------------------------------------------

DROP TABLE IF EXISTS `user`;

CREATE TABLE `user` (
  `_id` int(11) NOT NULL,
  `url` text NOT NULL,
  `external_id` varchar(50) NOT NULL DEFAULT '',
  `name` varchar(100) NOT NULL DEFAULT '',
  `alias` varchar(50) DEFAULT NULL,
  `created_at` varchar(50) NOT NULL DEFAULT '',
  `active` varchar(10) NOT NULL DEFAULT '',
  `verified` varchar(10) DEFAULT NULL,
  `shared` varchar(10) NOT NULL DEFAULT '',
  `locale` varchar(50) DEFAULT NULL,
  `timezone` varchar(50) DEFAULT NULL,
  `last_login_at` varchar(50) NOT NULL DEFAULT '',
  `email` varchar(100) DEFAULT NULL,
  `phone` varchar(20) NOT NULL DEFAULT '',
  `signature` varchar(50) NOT NULL DEFAULT '',
  `organization_id` int(11) DEFAULT NULL,
  `tags0` varchar(50) NOT NULL DEFAULT '',
  `tags1` varchar(50) NOT NULL DEFAULT '',
  `tags2` varchar(50) NOT NULL DEFAULT '',
  `tags3` varchar(50) NOT NULL DEFAULT '',
  `suspended` varchar(20) NOT NULL DEFAULT '',
  `role` varchar(20) NOT NULL DEFAULT '',
  PRIMARY KEY (`_id`),
  KEY `fk_organization_id` (`organization_id`),
  CONSTRAINT `fk_organization_id` FOREIGN KEY (`organization_id`) REFERENCES `organization` (`_id`)
) ENGINE=InnoDB DEFAULT CHARSET=utf8;

LOCK TABLES `user` WRITE;
/*!40000 ALTER TABLE `user` DISABLE KEYS */;

INSERT INTO `user` (`_id`, `url`, `external_id`, `name`, `alias`, `created_at`, `active`, `verified`, `shared`, `locale`, `timezone`, `last_login_at`, `email`, `phone`, `signature`, `organization_id`, `tags0`, `tags1`, `tags2`, `tags3`, `suspended`, `role`)
VALUES
	(1,'http://initech.zendesk.com/api/v2/users/1.json','74341f74-9c79-49d5-9611-87ef9b6eb75f','Francisca Rasmussen','Miss Coffey','2016-04-15T05:19:46 -10:00','true','true','false','en-AU','Sri Lanka','2013-08-04T01:03:27 -10:00','coffeyrasmussen@flotonic.com','8335-422-718','Don\'t Worry Be Happy!',119,'Springville','Sutton','Hartsville/Hartley','Diaperville','true','admin'),
	(2,'http://initech.zendesk.com/api/v2/users/2.json','c9995ea4-ff72-46e0-ab77-dfe0ae1ef6c2','Cross Barlow','Miss Joni','2016-06-23T10:31:39 -10:00','true','true','false','zh-CN','Armenia','2012-04-12T04:03:28 -10:00','jonibarlow@flotonic.com','9575-552-585','Don\'t Worry Be Happy!',106,'Foxworth','Woodlands','Herlong','Henrietta','false','admin'),
	(3,'http://initech.zendesk.com/api/v2/users/3.json','85c599c1-ebab-474d-a4e6-32f1c06e8730','Ingrid Wagner','Miss Buck','2016-07-28T05:29:25 -10:00','false','false','false','en-AU','Trinidad and Tobago','2013-02-07T05:53:38 -11:00','buckwagner@flotonic.com','9365-482-943','Don\'t Worry Be Happy!',104,'Mulino','Kenwood','Wescosville','Loyalhanna','false','end-user'),
	(4,'http://initech.zendesk.com/api/v2/users/4.json','37c9aef5-cf01-4b07-af24-c6c49ac1d1c7','Rose Newton','Mr Cardenas','2016-02-09T07:52:10 -11:00','true','true','true','de-CH','Netherlands','2012-09-25T01:32:46 -10:00','cardenasnewton@flotonic.com','8685-482-450','Don\'t Worry Be Happy!',122,'Gallina','Glenshaw','Rowe','Babb','true','end-user'),
	(5,'http://initech.zendesk.com/api/v2/users/5.json','29c18801-fb42-433d-8674-f37d63e637df','Loraine Pittman','Mr Ola','2016-06-12T08:49:19 -10:00','true','false','false','zh-CN','Monaco','2013-07-03T06:59:27 -10:00','olapittman@flotonic.com','9805-292-618','Don\'t Worry Be Happy!',101,'Frizzleburg','Forestburg','Sandston','Delco','false','admin'),
	(6,'http://initech.zendesk.com/api/v2/users/6.json','ed106e63-396d-4d16-ae49-d3dd37049ba3','Riggs Hebert','Miss Shelton','2016-04-04T01:30:49 -10:00','false','false','false','zh-CN','Liberia','2012-08-24T10:20:58 -10:00','sheltonhebert@flotonic.com','8935-413-112','Don\'t Worry Be Happy!',109,'Belfair','Chamberino','Roberts','Cascades','false','end-user'),
	(7,'http://initech.zendesk.com/api/v2/users/7.json','bce94e82-b4f4-438f-bc0b-2440e8265705','Lou Schmidt','Miss Shannon','2016-05-07T08:43:52 -10:00','false','false','false','en-AU','Central African Republic','2016-02-25T12:26:31 -11:00','shannonschmidt@flotonic.com','9094-083-167','Don\'t Worry Be Happy!',104,'Cawood','Disautel','Boling','Southview','true','admin'),
	(8,'http://initech.zendesk.com/api/v2/users/8.json','fa13ffa4-0ba1-41d1-be4a-c1e7a92f25e4','Lolita Herring','Miss Reyna','2016-07-14T03:21:49 -10:00','false','false','false','de-CH','Iceland','2014-10-28T03:06:58 -11:00','reynaherring@flotonic.com','8484-692-871','Don\'t Worry Be Happy!',125,'Greenbush','Canby','Bedias','Boyd','true','agent'),
	(9,'http://initech.zendesk.com/api/v2/users/9.json','215e9cb6-cd30-444d-95f3-4c172d68859d','Josefa Mcfadden','Mr Casey','2016-03-26T04:11:05 -11:00','true','false','false','zh-CN','France, Metropolitan','2013-04-25T09:04:57 -10:00','caseymcfadden@flotonic.com','8715-273-472','Don\'t Worry Be Happy!',123,'Fresno','Shawmut','Buxton','Winchester','true','agent'),
	(10,'http://initech.zendesk.com/api/v2/users/10.json','f744706e-df3d-4d51-ad18-c63e41be5cc0','Kari Vinson','Mr Webb','2016-02-08T04:32:38 -11:00','true','false','true','en-AU','Germany','2014-12-26T04:54:30 -11:00','webbvinson@flotonic.com','8235-883-140','Don\'t Worry Be Happy!',105,'Moraida','Beechmont','Jeff','Starks','false','end-user'),
	(11,'http://initech.zendesk.com/api/v2/users/11.json','f844d39b-1d2c-4908-8719-48b5930bc6a2','Shelly Clements','Miss Campos','2016-06-10T06:50:13 -10:00','true','true','true','zh-CN','Moldova','2016-02-28T04:06:24 -11:00',NULL,'9494-882-401','Don\'t Worry Be Happy!',103,'Camptown','Glenville','Harleigh','Tedrow','false','agent'),
	(12,'http://initech.zendesk.com/api/v2/users/12.json','38899b1e-89ca-43e7-b039-e3c88525f0d2','Watkins Hammond','Mr Sally','2016-07-21T12:26:16 -10:00','false','false','false','en-AU','United Kingdom','2012-12-29T07:59:56 -11:00','sallyhammond@flotonic.com','8144-293-283','Don\'t Worry Be Happy!',110,'Bonanza','Balm','Fulford','Austinburg','false','end-user'),
	(13,'http://initech.zendesk.com/api/v2/users/13.json','dce36d80-f143-4b1e-8a2e-47651e367a4e','Wade Moore','Mr Vera','2016-06-02T01:11:48 -10:00','true','true','false','en-AU','Saudi Arabia','2012-08-03T05:09:18 -10:00','veramoore@flotonic.com','8395-652-590','Don\'t Worry Be Happy!',112,'Bartonsville','Frystown','Sparkill','Dola','true','end-user'),
	(14,'http://initech.zendesk.com/api/v2/users/14.json','feacbd09-4aed-4c45-b9e0-af3898277cb3','Shepherd Joseph','Miss Martina','2016-05-22T02:41:16 -10:00','false','false','true','en-AU','Falkland Islands (Malvinas)','2013-05-11T07:33:30 -10:00','martinajoseph@flotonic.com','8484-593-012','Don\'t Worry Be Happy!',107,'Springhill','Staples','Trail','Newry','true','admin'),
	(15,'http://initech.zendesk.com/api/v2/users/15.json','6060c1b0-f523-4ce4-a993-0ae7a1e9b2cd','Jeri Estrada','Miss Byers','2016-01-14T01:37:39 -11:00','true','true','false','de-CH','Tuvalu','2014-05-26T12:25:24 -10:00','byersestrada@flotonic.com','8294-733-398','Don\'t Worry Be Happy!',115,'Belmont','Ferney','Whitewater','Hollins','true','agent'),
	(16,'http://initech.zendesk.com/api/v2/users/16.json','08b3023c-c5c6-4acf-8256-8d091687505e','Woodard Burt','Miss Michael','2016-07-29T10:14:37 -10:00','true','false','false','zh-CN','Wallis and Futuna Islands','2014-12-03T11:14:55 -11:00','michaelburt@flotonic.com','9685-703-824','Don\'t Worry Be Happy!',NULL,'Wollochet','Cuylerville','Bellamy','Hillsboro','false','agent'),
	(17,'http://initech.zendesk.com/api/v2/users/17.json','d450d3dd-ef44-40a3-8c1b-dd8dcbad26d1','Tyler Bates','Miss Myra','2016-01-05T10:55:04 -11:00','true','false','false',NULL,'Estonia','2016-08-12T03:24:16 -10:00','myrabates@flotonic.com','8905-642-934','Don\'t Worry Be Happy!',113,'Snelling','Fontanelle','Dowling','Conestoga','true','admin'),
	(18,'http://initech.zendesk.com/api/v2/users/18.json','2771c7b7-4020-4103-8a8b-e5f386b912c5','Adriana Ryan','Miss Marissa','2016-05-28T05:19:09 -10:00','true','false','true','de-CH','Italy','2014-12-30T03:36:50 -11:00','marissaryan@flotonic.com','8644-863-078','Don\'t Worry Be Happy!',103,'Dotsero','Wilmington','Farmington','Trinway','true','admin'),
	(19,'http://initech.zendesk.com/api/v2/users/19.json','68e35e26-7b1f-46ec-a9e5-3edcbcf2aeb9','Francis Rodrigüez','Mr Lea','2016-05-05T01:56:24 -10:00','false','false','false','zh-CN','Brazil','2012-05-25T01:55:34 -10:00',NULL,'8275-873-442','Don\'t Worry Be Happy!',124,'Vicksburg','Kilbourne','Gorham','Gloucester','false','agent'),
	(20,'http://initech.zendesk.com/api/v2/users/20.json','1c8b9696-b5c5-4f5a-b077-5d85dd8b22f4','Lee Davidson','Miss Hayes','2016-04-07T11:08:24 -10:00','false','false','true','en-AU','Norway','2014-05-04T09:18:56 -10:00','hayesdavidson@flotonic.com','9544-832-980','Don\'t Worry Be Happy!',104,'Riegelwood','Snyderville','Roland','National','true','end-user'),
	(21,'http://initech.zendesk.com/api/v2/users/21.json','b4524a24-212a-4ce5-ba6b-c488b72a3ad5','Leon Oneil','Miss Dee','2016-03-01T03:12:09 -11:00','true','false','true','de-CH','Bosnia and Herzegovina','2014-12-10T06:19:41 -11:00','deeoneil@flotonic.com','9314-713-633','Don\'t Worry Be Happy!',110,'Faxon','Bellfountain','Gracey','Muir','false','admin'),
	(22,'http://initech.zendesk.com/api/v2/users/22.json','bf313bac-e4b1-46a3-a7ee-7cc584b7cbb8','Russo Vincent','Miss Cohen','2016-01-28T08:49:17 -11:00','true','false','false','en-AU','Qatar','2014-07-30T03:32:49 -10:00','cohenvincent@flotonic.com','8895-892-293','Don\'t Worry Be Happy!',124,'Veyo','Highland','Kiskimere','Hoehne','false','end-user'),
	(23,'http://initech.zendesk.com/api/v2/users/23.json','e9db9277-af4a-4ca6-99e0-291c8a97623e','Francis Bailey','Miss Singleton','2016-03-21T07:12:28 -11:00','true','false','false','en-AU','Antarctica','2012-12-01T11:14:01 -11:00','singletonbailey@flotonic.com','9584-582-815','Don\'t Worry Be Happy!',101,'Leola','Graball','Yogaville','Tivoli','false','agent'),
	(24,'http://initech.zendesk.com/api/v2/users/24.json','c01c2b7a-30cd-41d1-98e7-2cdd42d55d84','Harris Côpeland','Miss Gates','2016-03-02T03:35:41 -11:00','false','false','false','zh-CN','Cameroon','2013-05-11T10:41:04 -10:00','gatescopeland@flotonic.com','9855-882-406','Don\'t Worry Be Happy!',110,'Kieler','Swartzville','Salvo','Guthrie','false','agent'),
	(25,'http://initech.zendesk.com/api/v2/users/25.json','03220d7e-9714-4802-a731-fdbd44166932','Roman Meyers','Miss Hays','2016-03-11T06:40:03 -11:00','false','false','false','zh-CN','Hungary','2013-05-06T10:34:07 -10:00','haysmeyers@flotonic.com','8005-493-411','Don\'t Worry Be Happy!',102,'Kennedyville','Delwood','Bynum','Murillo','false','admin'),
	(26,'http://initech.zendesk.com/api/v2/users/26.json','2fe9f6de-4576-4076-9686-19d7cfcc8378','Rosa Wright','Miss Jones','2016-04-23T06:34:15 -10:00','false','false','false','zh-CN',NULL,'2014-12-24T02:32:32 -11:00','joneswright@flotonic.com','8034-232-199','Don\'t Worry Be Happy!',123,'Kidder','Castleton','Stewartville','Bascom','true','end-user'),
	(27,'http://initech.zendesk.com/api/v2/users/27.json','ee53ec4a-8ae1-4090-8f27-ce511cc292f7','Haley Farmer','Miss Lizzie','2016-03-30T12:48:54 -11:00','false','false','false','en-AU','New Zealand','2012-02-27T06:07:01 -11:00','lizziefarmer@flotonic.com','9095-423-318','Don\'t Worry Be Happy!',101,'Ticonderoga','Wanamie','Evergreen','Loma','false','agent'),
	(28,'http://initech.zendesk.com/api/v2/users/28.json','7331fa71-e718-4232-a5f5-2da364f39f51','Terri Mcmahon','Miss Mason','2016-01-05T08:35:03 -11:00','false','true','false','zh-CN','Romania','2015-05-11T11:34:15 -10:00','masonmcmahon@flotonic.com','9765-473-366','Don\'t Worry Be Happy!',112,'Vienna','Ypsilanti','Idledale','Allendale','true','admin'),
	(29,'http://initech.zendesk.com/api/v2/users/29.json','5cf7c032-b3cb-4c87-afa1-57fc9f94e9a1','Herrera Norman','Mr Vance','2016-03-17T06:09:57 -11:00','false','false','true','en-AU','Zimbabwe','2016-05-17T03:03:05 -10:00','vancenorman@flotonic.com','9444-743-342','Don\'t Worry Be Happy!',101,'Tilden','Layhill','Franklin','Allensworth','false','end-user'),
	(30,'http://initech.zendesk.com/api/v2/users/30.json','33ee4880-9ff2-4233-ae8a-24b9d5cc03b2','Debra William','Mr Murray','2016-03-05T05:38:13 -11:00','true','false','true','zh-CN','Zambia','2015-01-22T06:48:31 -11:00','murraywilliam@flotonic.com','9734-862-052','Don\'t Worry Be Happy!',116,'Chesterfield','Brutus','Echo','Valmy','false','agent'),
	(31,'http://initech.zendesk.com/api/v2/users/31.json','e9121c21-0321-4024-a844-5d869ddc1343','Jessica Raymond','Miss Carroll','2016-01-10T05:55:31 -11:00','true','false','false','zh-CN','Greece','2016-06-06T04:20:09 -10:00','carrollraymond@flotonic.com','9794-023-473','Don\'t Worry Be Happy!',104,'Chalfant','Calverton','Flintville','Yonah','true','end-user'),
	(32,'http://initech.zendesk.com/api/v2/users/32.json','b8ef8d96-4d64-49a3-b2c6-b04bdc23ba01','Lee Dotson','Mr Eve','2016-07-17T02:09:22 -10:00','true','true','false','zh-CN','France','2016-08-21T09:09:09 -10:00','evedotson@flotonic.com','8485-142-308','Don\'t Worry Be Happy!',105,'Tetherow','Hailesboro','Barstow','Fruitdale','false','agent'),
	(33,'http://initech.zendesk.com/api/v2/users/33.json','379a17bc-ee5f-4783-b0c0-34de7a63d9d7','Jaime Dickerson','Mr Meagan','2016-04-30T11:41:42 -10:00','false','true','false','en-AU','Virgin Islands (British)','2013-07-09T05:32:20 -10:00','meagandickerson@flotonic.com','9364-443-056','Don\'t Worry Be Happy!',102,'Hachita','Hasty','Campo','Sugartown','true','admin'),
	(34,'http://initech.zendesk.com/api/v2/users/34.json','36dc7f6c-4b66-4a0e-bf0b-1b2b294ca730','Gallegos Armstrong','Mr Dale','2016-02-09T01:34:46 -11:00','true','false','true','de-CH','Papua New Guinea','2015-02-04T06:17:46 -11:00','dalearmstrong@flotonic.com','8904-083-951','Don\'t Worry Be Happy!',111,'Munjor','Kula','Osage','Shindler','true','agent'),
	(35,'http://initech.zendesk.com/api/v2/users/35.json','46c880dd-d07e-4fd0-87d0-e92c167d029e','Brôôks Burke','Mr Carpenter','2016-03-18T07:23:10 -11:00','false','false','true','en-AU','Svalbard and Jan Mayen Islands','2015-12-17T10:43:55 -11:00','carpenterburke@flotonic.com','8644-152-064','Don\'t Worry Be Happy!',120,'Conway','Linwood','Greenwich','Suitland','true','agent'),
	(36,'http://initech.zendesk.com/api/v2/users/36.json','4a0e0eda-f027-4727-910f-148d2b7ab103','Craig Nash','Mr Nielsen','2016-07-28T04:55:50 -10:00','false','true','true','zh-CN','Swaziland','2013-06-08T01:53:28 -10:00','nielsennash@flotonic.com','8894-673-477','Don\'t Worry Be Happy!',115,'Independence','Bainbridge','Goodville','Gasquet','false','end-user'),
	(37,'http://initech.zendesk.com/api/v2/users/37.json','bfd8811a-706b-4a18-9708-c14a87b9bb1e','Denise Finch','Miss Bailey','2016-04-18T06:31:09 -10:00','true','true','false','de-CH','Reunion','2015-10-23T05:18:08 -11:00','baileyfinch@flotonic.com','8745-103-166','Don\'t Worry Be Happy!',110,'Fairforest','Windsor','Hayes','Brecon','true','admin'),
	(38,'http://initech.zendesk.com/api/v2/users/38.json','72c7ba23-e070-4583-b701-04a038a28b02','Elma Castro','Mr Georgette','2016-01-31T02:46:05 -11:00','false','false','true','en-AU','Gibraltar','2012-12-20T01:48:00 -11:00','georgettecastro@flotonic.com','8364-062-708','Don\'t Worry Be Happy!',114,'Colton','Williamson','Marshall','Charco','true','agent'),
	(39,'http://initech.zendesk.com/api/v2/users/39.json','66a3589c-8aab-485b-9da3-e79adb85a4de','Jennifer Gaines','Miss Hammond','2016-03-25T02:02:13 -11:00','false','true','false','en-AU','Mayotte','2016-02-19T03:04:47 -11:00','hammondgaines@flotonic.com','8804-843-526','Don\'t Worry Be Happy!',124,'Tilleda','Frank','Fairmount','Marion','true','agent'),
	(40,'http://initech.zendesk.com/api/v2/users/40.json','e79e166e-fcb5-4604-9466-1ea9777c6eb5','Burgess England','Mr Neal','2016-07-16T09:13:47 -10:00','true','false','true','zh-CN','Taiwan','2015-10-20T01:25:19 -11:00','nealengland@flotonic.com','9675-282-161','Don\'t Worry Be Happy!',113,'Riceville','Ribera','Caberfae','Breinigsville','true','end-user'),
	(41,'http://initech.zendesk.com/api/v2/users/41.json','497def74-ce88-442e-814c-2fb8ce945dd9','Alvarez Black','Miss Janet','2016-01-12T10:26:24 -11:00','false','false','true','en-AU','Finland','2015-02-21T08:07:14 -11:00','janetblack@flotonic.com','9464-452-234','Don\'t Worry Be Happy!',106,'Bend','Troy','Fedora','Celeryville','false','end-user'),
	(42,'http://initech.zendesk.com/api/v2/users/42.json','dc516f83-e4cf-4e43-b1ef-87450db34cdf','Sampson Castillo','Mr Aimee','2016-03-20T02:44:50 -11:00','true','false','true','de-CH','Thailand','2015-05-23T11:04:31 -10:00','aimeecastillo@flotonic.com','8844-343-366','Don\'t Worry Be Happy!',106,'Stagecoach','Bethpage','Johnsonburg','Santel','false','agent'),
	(43,'http://initech.zendesk.com/api/v2/users/43.json','08a71e65-dd92-4774-966a-876766c0f962','Charlene Coleman','Mr Kaitlin','2016-02-03T07:44:35 -11:00','true','false','true','en-AU','Maldives','2012-10-29T10:06:17 -11:00','kaitlincoleman@flotonic.com','8204-383-661','Don\'t Worry Be Happy!',122,'Wyano','Soudan','Coinjock','Mathews','false','end-user'),
	(44,'http://initech.zendesk.com/api/v2/users/44.json','b5d38224-29c5-4aea-81a4-0da83d0a3f80','John Floyd','Mr Gonzales','2016-06-08T10:26:06 -10:00','false','false','false','de-CH','Hong Kong','2014-11-04T08:34:49 -11:00','gonzalesfloyd@flotonic.com','9894-382-253','Don\'t Worry Be Happy!',NULL,'Dunlo','Greer','Crown','Strong','false','end-user'),
	(45,'http://initech.zendesk.com/api/v2/users/45.json','6c1ee6e7-060b-4ceb-8729-e80cc6dcab66','Harper Sandoval',NULL,'2016-04-27T12:43:57 -10:00','true','false','false','en-AU','Zaire','2012-11-26T03:11:27 -11:00','schroedersandoval@flotonic.com','9594-242-912','Don\'t Worry Be Happy!',124,'Hemlock','Stewart','Barrelville','Martinsville','false','admin'),
	(46,'http://initech.zendesk.com/api/v2/users/46.json','fc1e8445-24e4-4f00-ada6-79e07cd9e1a6','Finley Conrad','Mr Hinton','2016-07-15T06:28:43 -10:00','false','true','true','de-CH','Congo','2016-06-10T03:43:26 -10:00','hintonconrad@flotonic.com','8305-023-684','Don\'t Worry Be Happy!',103,'Roy','Rockhill','Kenvil','Connerton','false','admin'),
	(47,'http://initech.zendesk.com/api/v2/users/47.json','3abbffbf-eb9d-4738-825b-cf3c3e76f215','Dawson Schultz','Mr Doris','2016-05-17T04:06:23 -10:00','false','false','true','en-AU','Martinique','2015-10-06T09:27:54 -11:00','dorisschultz@flotonic.com','9595-373-294','Don\'t Worry Be Happy!',122,'Linganore','Alleghenyville','Cataract','Woodruff','true','end-user'),
	(48,'http://initech.zendesk.com/api/v2/users/48.json','80e6a7b7-9a2a-4b93-93da-68bd5e95cbb8','Pitts Park','Miss Betsy','2016-02-02T03:34:44 -11:00','false','true','false','en-AU','Lesotho','2012-06-01T08:51:56 -10:00','betsypark@flotonic.com','9974-742-963','Don\'t Worry Be Happy!',119,'Chicopee','Maplewood','Oley','Whitmer','false','agent'),
	(49,'http://initech.zendesk.com/api/v2/users/49.json','4bd5e757-c0cd-445b-b702-ee3ed794f6c4','Faulkner Holcomb','Miss Jody','2016-05-12T08:39:30 -10:00','true','false','true','zh-CN','Antigua and Barbuda','2014-12-04T12:51:36 -11:00','jodyholcomb@flotonic.com','9255-943-719','Don\'t Worry Be Happy!',118,'Hanover','Woodlake','Saticoy','Hinsdale','true','end-user'),
	(50,'http://initech.zendesk.com/api/v2/users/50.json','e1378651-f998-4181-8b1b-35e99a30b900','Daniel Agüilar','Mr Aüstin','2016-04-07T12:19:09 -10:00','true','false','false','de-CH','Malawi','2016-03-08T07:57:37 -11:00','austinaguilar@flotonic.com','8864-732-323','Don\'t Worry Be Happy!',107,'Kaka','Abrams','Genoa','Yettem','false','admin'),
	(51,'http://initech.zendesk.com/api/v2/users/51.json','4a4adf11-a0e8-461d-b310-0e52a052dc73','Green Buckley','Miss Esmeralda','2016-01-21T06:02:01 -11:00','true','true','false','de-CH','Seychelles','2015-03-01T03:06:05 -11:00','esmeraldabuckley@flotonic.com','8154-223-420','Don\'t Worry Be Happy!',125,'Chumuckla','Dixie','Yardville','Riverton','true','end-user'),
	(52,'http://initech.zendesk.com/api/v2/users/52.json','c861e0ec-543d-46a3-8e9b-b01a0131be37','Morris Ayers','Miss Tonya','2016-04-15T11:57:40 -10:00','false','true','false','en-AU','Heard and McDonald Islands','2013-12-24T06:41:45 -11:00','tonyaayers@flotonic.com','9355-543-308','Don\'t Worry Be Happy!',123,'Boykin','Dixonville','Iola','Chestnut','true','agent'),
	(53,'http://initech.zendesk.com/api/v2/users/53.json','99006a7e-3279-416d-a2f2-d92aca820ec0','Pena Lang','Miss Middleton','2016-02-24T05:40:40 -11:00','false','true','false','en-AU','Liechtenstein','2014-03-03T08:54:37 -11:00','middletonlang@flotonic.com','9174-113-995','Don\'t Worry Be Happy!',113,'Roderfield','Lemoyne','Grantville','Fredericktown','false','end-user'),
	(54,'http://initech.zendesk.com/api/v2/users/54.json','a32204d7-fd49-4ba7-be1f-ca7763937e02','Spence Tate','Miss Tamara','2016-01-03T02:38:58 -11:00','true',NULL,'false','zh-CN','Viet Nam','2012-04-01T02:37:37 -11:00','tamaratate@flotonic.com','8074-353-219','Don\'t Worry Be Happy!',124,'Sterling','Freeburn','Wright','Naomi','true','admin'),
	(55,'http://initech.zendesk.com/api/v2/users/55.json','95387bef-5870-4453-9431-be6f9864bad8','Thelma Wong','Miss Robertson','2016-04-24T03:09:27 -10:00','true',NULL,'false','en-AU','Guyana','2015-11-16T09:40:58 -11:00','robertsonwong@flotonic.com','8685-603-206','Don\'t Worry Be Happy!',115,'Delshire','Ronco','Farmers','Foscoe','false','end-user'),
	(56,'http://initech.zendesk.com/api/v2/users/56.json','3f693339-8c05-4619-b60e-f4892b42f340','Edwards Garrétt','Miss Fréida','2016-05-02T03:00:18 -10:00','true','true','false','en-AU','Kenya','2013-03-04T09:00:20 -11:00','freidagarrett@flotonic.com','9755-523-645','Don\'t Worry Be Happy!',110,'Edgéwatér','Guilford','Ezel','Matthews','true','end-user'),
	(57,'http://initech.zendesk.com/api/v2/users/57.json','cc91aaa0-49af-42aa-9a85-0278fee1a96c','Mari Deleon','Mr Caitlin','2016-06-10T01:38:38 -10:00','true','true','false','zh-CN','Guatemala','2014-04-21T08:53:02 -10:00','caitlindeleon@flotonic.com','8645-272-680','Don\'t Worry Be Happy!',113,'Blodgett','Nicut','Smock','Finzel','false','admin'),
	(58,'http://initech.zendesk.com/api/v2/users/58.json','b7a414da-3766-41cf-9a22-a8c37523285f','Short Garza','Miss Vicky','2016-06-14T07:44:49 -10:00','false','true','true','en-AU','Canada','2012-05-06T07:40:08 -10:00','vickygarza@flotonic.com','8985-973-223','Don\'t Worry Be Happy!',121,'Westboro','Alafaya','Tuttle','Aberdeen','false','agent'),
	(59,'http://initech.zendesk.com/api/v2/users/59.json','4acd4eb0-9168-4270-b09f-09600a05b0b2','Key Mendez','Mr Lucile','2016-04-23T12:00:11 -10:00','false','false','false','zh-CN','Nigeria','2014-06-03T02:26:28 -10:00','lucilemendez@flotonic.com','8774-883-991','Don\'t Worry Be Happy!',118,'Rockingham','Waikele','Masthope','Oceola','false','agent'),
	(60,'http://initech.zendesk.com/api/v2/users/60.json','95fca34c-1ba2-4beb-acf8-a48b7f3e1c90','Dennis Hopkins','Mr Victoria','2016-07-04T10:28:16 -10:00','false','false','false','de-CH','Grenada','2014-04-08T08:24:03 -10:00','victoriahopkins@flotonic.com','9435-122-089','Don\'t Worry Be Happy!',108,'Lookingglass','Thomasville','Inkerman','Vernon','false','admin'),
	(61,'http://initech.zendesk.com/api/v2/users/61.json','981adbf1-02cd-4ff4-83f7-b6768abb25e5','Clemons Mcconnell','Miss Ramos','2016-06-28T01:58:25 -10:00','true','true','true','de-CH','Syria','2012-10-15T07:52:56 -11:00','ramosmcconnell@flotonic.com','8645-852-484','Don\'t Worry Be Happy!',114,'Jennings','Teasdale','Watrous','Hiwasse','true','agent'),
	(62,'http://initech.zendesk.com/api/v2/users/62.json','00bc3803-6d86-4fec-a237-2153618095d3','Maé Bowman','Miss Lily','2016-06-28T06:16:13 -10:00','true','false','false','zh-CN',NULL,'2014-02-26T02:46:28 -11:00','lilybowman@flotonic.com','9305-542-848','Don\'t Worry Be Happy!',NULL,'Biehle','Benson','Allentown','Cliff','true','agent'),
	(63,'http://initech.zendesk.com/api/v2/users/63.json','a850f4a0-61f4-41bb-b673-e73d179357e4','Lynnette Dunlap','Mr Jacobs','2016-01-05T09:15:41 -11:00','false','false','true','zh-CN','Turkey','2013-10-20T12:07:13 -11:00','jacobsdunlap@flotonic.com','9154-802-696','Don\'t Worry Be Happy!',106,'Clarksburg','Manila','Graniteville','Caroleen','true','admin'),
	(64,'http://initech.zendesk.com/api/v2/users/64.json','a99365ac-8129-4ec5-b732-7c345d95bf7f','Boone Cooke','Miss Rhodes','2016-04-24T05:00:56 -10:00','false','true','false','de-CH','Comoros','2014-01-04T09:58:03 -11:00','rhodescooke@flotonic.com','8955-022-065','Don\'t Worry Be Happy!',123,'Sultana','Choctaw','Camino','Groton','false','admin'),
	(65,'http://initech.zendesk.com/api/v2/users/65.json','ce87e86c-4b45-483e-838f-ffbb5ffd5438','Deanna Terry','Miss Lynda','2016-02-20T08:59:24 -11:00','true','false','false','zh-CN','Albania','2013-02-13T02:57:13 -11:00','lyndaterry@flotonic.com','9924-522-038','Don\'t Worry Be Happy!',123,'Toftrees','Draper','Northridge','Cucumber','true','admin'),
	(66,'http://initech.zendesk.com/api/v2/users/66.json','e29c3611-d1f2-492e-a805-594e239ff922','Geneva Poole','Mr Fernandez','2016-04-11T10:08:08 -10:00','true','true','true','en-AU','Aruba','2014-03-18T05:42:21 -11:00','fernandezpoole@flotonic.com','8925-633-579','Don\'t Worry Be Happy!',114,'Whitehaven','Omar','Waiohinu','Catharine','true','admin'),
	(67,'http://initech.zendesk.com/api/v2/users/67.json','01dd136a-bf3b-4340-94ee-8ecbea6fd65f','Benjamin Stephenson','Miss Louisa','2016-04-20T12:26:44 -10:00','true','true','false','zh-CN','Oman','2016-04-06T12:17:21 -10:00','louisastephenson@flotonic.com','9914-712-033','Don\'t Worry Be Happy!',122,'Fairhaven','Kraemer','Mayfair','Saranap','false','agent'),
	(68,'http://initech.zendesk.com/api/v2/users/68.json','9d8577b6-bffa-4abf-8bd5-c3b673dd0855','Sweet Cain','Mr Hyde','2016-01-30T01:07:23 -11:00','true','true','true','en-AU','Iran','2015-01-21T09:46:57 -11:00','hydecain@flotonic.com','9555-513-950','Don\'t Worry Be Happy!',116,'Fairlee','Grandview','Fairview','Williston','false','admin'),
	(69,'http://initech.zendesk.com/api/v2/users/69.json','0320fff9-8a1f-4654-a8d5-dbf3c9c79591','Velasquez Cameron','Miss Janette','2016-04-04T03:34:12 -10:00','true','false','true','en-AU','Cyprus','2015-02-02T02:22:18 -11:00','janettecameron@flotonic.com','9494-843-571','Don\'t Worry Be Happy!',102,'Leyner','Wawona','Soham','Sheatown','true','end-user'),
	(70,'http://initech.zendesk.com/api/v2/users/70.json','af6ff47c-1ca0-45b1-b7d9-598ff5147a0d','Nash Rivers','Mr Alexandria','2016-01-20T11:08:56 -11:00','false','false','false','en-AU','Cote D\'Ivoire (Ivory Coast)','2013-12-30T11:36:49 -11:00','alexandriarivers@flotonic.com','9015-682-949','Don\'t Worry Be Happy!',116,'Barclay','Odessa','Southmont','Lisco','false','end-user'),
	(71,'http://initech.zendesk.com/api/v2/users/71.json','c972bb41-94aa-4f20-bc93-e63dbfe8d9ca','Prince Hinton','Miss Dana','2016-04-18T11:05:43 -10:00','true','false','false','zh-CN','Samoa','2013-05-01T01:18:48 -10:00','danahinton@flotonic.com','9064-433-892','Don\'t Worry Be Happy!',121,'Davenport','Cherokee','Summertown','Clinton','false','agent'),
	(72,'http://initech.zendesk.com/api/v2/users/72.json','e906b32a-1661-4ac3-b7a6-767291d440de','Valentine Ashley','Mr Larsen','2016-05-13T04:57:19 -10:00','false','false','true','zh-CN','Guinea-Bissau','2014-02-11T07:15:16 -11:00','larsenashley@flotonic.com','8264-832-164','Don\'t Worry Be Happy!',114,'Orviston','Blanford','Wattsville','Levant','true','end-user'),
	(73,'http://initech.zendesk.com/api/v2/users/73.json','a8b6c657-d47e-45b2-9c47-cf13b1b02f24','Moran Daniels','Miss Livingston','2016-07-06T03:42:35 -10:00','false','false','false','en-AU','Tokelau','2012-12-29T04:43:20 -11:00','livingstondaniels@flotonic.com','9955-983-798','Don\'t Worry Be Happy!',119,'Golconda','Gambrills','Itmann','Lund','true','end-user'),
	(74,'http://initech.zendesk.com/api/v2/users/74.json','8fa4f74b-e690-4478-bf09-40fed1ebc417','Melissa Bishop','Mr Katharine','2016-02-17T10:35:02 -11:00','false','false','false','en-AU','Sao Tome and Principe','2012-04-20T02:26:59 -10:00','katharinebishop@flotonic.com','9025-522-621','Don\'t Worry Be Happy!',114,'Shrewsbury','Ryderwood','Edmund','Kersey','false','admin'),
	(75,'http://initech.zendesk.com/api/v2/users/75.json','0db0c1da-8901-4dc3-a469-fe4b500d0fca','Catalina Simpson','Miss Rosanna','2016-06-07T09:18:00 -10:00','false','true','true','zh-CN','US Minor Outlying Islands','2012-10-15T12:36:41 -11:00','rosannasimpson@flotonic.com','8615-883-099','Don\'t Worry Be Happy!',119,'Veguita','Navarre','Elizaville','Beaulieu','true','agent');

/*!40000 ALTER TABLE `user` ENABLE KEYS */;
UNLOCK TABLES;



/*!40111 SET SQL_NOTES=@OLD_SQL_NOTES */;
/*!40101 SET SQL_MODE=@OLD_SQL_MODE */;
/*!40014 SET FOREIGN_KEY_CHECKS=@OLD_FOREIGN_KEY_CHECKS */;
/*!40101 SET CHARACTER_SET_CLIENT=@OLD_CHARACTER_SET_CLIENT */;
/*!40101 SET CHARACTER_SET_RESULTS=@OLD_CHARACTER_SET_RESULTS */;
/*!40101 SET COLLATION_CONNECTION=@OLD_COLLATION_CONNECTION */;
